site_id,n_train,sample_path,true_vis,pred_vis
SITE10,39,2025-03-26-14-35-40/SITE10_ORNT255_VIS10+mi.png,10.0,10.0
SITE10,39,2024-12-21-15-04-41/SITE10_ORNT90_VIS4mi.png,4.0,5.0
SITE10,39,2024-12-17-16-15-56/SITE10_ORNT90_VIS6mi.png,6.0,5.0
SITE10,39,2024-12-17-16-15-56/SITE10_ORNT10_VIS6mi.png,6.0,5.0
SITE10,39,2024-07-07-15-01-32/SITE10_ORNT175_VIS2-5mi.png,2.0,6.0
SITE10,39,2025-03-11-17-13-52/SITE10_ORNT90_VIS7mi.png,7.0,2.0
SITE10,39,2024-10-11-15-41-13/SITE10_ORNT175_VIS3mi.png,3.0,6.0
SITE10,39,2024-09-07-11-42-21/SITE10_ORNT255_VIS5mi.png,5.0,5.0
SITE10,39,2025-03-06-17-34-12/SITE10_ORNT255_VIS10+mi.png,10.0,7.0
SITE10,39,2024-09-15-16-06-51/SITE10_ORNT10_VIS9mi.png,9.0,6.0
SITE10,39,2024-05-23-15-19-49/SITE10_ORNT90_VIS4mi.png,4.0,5.0
SITE10,39,4-9-24-5-23-PM/SITE10_ORNT90_VIS2mi.png,2.0,2.0
SITE10,39,2024-09-07-13-37-18/SITE10_ORNT255_VIS5mi.png,5.0,5.0
SITE10,39,2025-03-23-13-51-54/SITE10_ORNT10_VIS8mi.png,8.0,7.0
SITE104,32,2024-06-22-10-56-07/SITE104_ORNT270_VIS3mi.png,3.0,3.0
SITE104,32,2024-05-23-15-19-49/SITE104_ORNT270_VIS2mi.png,2.0,7.0
SITE104,32,2025-04-22-15-39-35/SITE104_ORNT325_VIS7mi.png,7.0,3.0
SITE104,32,2024-05-31-15-13-16/SITE104_ORNT325_VIS7mi.png,7.0,3.0
SITE104,32,2025-03-28-10-38-15/SITE104_ORNT325_VIS8mi.png,8.0,10.0
SITE104,32,2024-08-31-14-30-34/SITE104_ORNT325_VIS3mi.png,3.0,3.0
SITE104,32,2025-04-13-19-09-12/SITE104_ORNT150_VIS5mi.png,5.0,3.0
SITE104,32,2025-02-04-15-47-48/SITE104_ORNT270_VIS6mi.png,6.0,6.0
SITE104,32,2025-03-15-15-41-34/SITE104_ORNT150_VIS3mi.png,3.0,2.0
SITE104,32,2025-04-13-19-09-12/SITE104_ORNT270_VIS5mi.png,5.0,3.0
SITE104,32,2024-05-23-15-19-49/SITE104_ORNT325_VIS2mi.png,2.0,3.0
SITE106,33,2024-09-02-17-43-28/SITE106_ORNT12_VIS7mi.png,7.0,7.0
SITE106,33,2024-08-01-13-32-05/SITE106_ORNT12_VIS6mi.png,6.0,7.0
SITE106,33,2025-04-13-19-09-12/SITE106_ORNT280_VIS10+mi.png,10.0,7.0
SITE106,33,2025-01-28-16-10-28/SITE106_ORNT94_VIS2mi.png,2.0,1.0
SITE106,33,2025-03-31-13-29-12/SITE106_ORNT94_VIS1-5mi.png,1.0,3.0
SITE106,33,2025-02-04-15-47-48/SITE106_ORNT12_VIS4mi.png,4.0,8.0
SITE106,33,2025-03-15-15-41-34/SITE106_ORNT280_VIS8mi.png,8.0,7.0
SITE106,33,2025-03-31-15-41-11/SITE106_ORNT12_VIS3mi.png,3.0,8.0
SITE106,33,2025-03-01-18-07-41/SITE106_ORNT94_VIS2-5mi.png,2.0,3.0
SITE106,33,2025-04-10-17-56-44/SITE106_ORNT213_VIS8mi.png,8.0,8.0
SITE106,33,2025-01-31-13-49-43/SITE106_ORNT12_VIS3mi.png,3.0,3.0
SITE106,33,2025-03-29-15-28-57/SITE106_ORNT12_VIS2mi.png,2.0,8.0
SITE11,20,2025-02-15-16-53-20/SITE11_ORNT308_VIS8mi.png,8.0,8.0
SITE11,20,2024-09-08-13-07-06/SITE11_ORNT60_VIS8mi.png,8.0,8.0
SITE11,20,2025-03-18-13-52-55/SITE11_ORNT308_VIS2-5mi.png,2.0,8.0
SITE11,20,2025-03-26-12-24-08/SITE11_ORNT253_VIS6mi.png,6.0,10.0
SITE11,20,2025-01-26-15-53-06/SITE11_ORNT308_VIS10+mi.png,10.0,8.0
SITE11,20,2024-07-07-15-01-32/SITE11_ORNT308_VIS4mi.png,4.0,4.0
SITE111,31,2025-04-01-16-59-16/SITE111_ORNT246_VIS4mi.png,4.0,1.0
SITE111,31,2025-03-31-15-41-11/SITE111_ORNT246_VIS1-75mi.png,1.0,1.0
SITE111,31,2024-07-28-11-17-19/SITE111_ORNT181_VIS8mi.png,8.0,10.0
SITE111,31,2025-03-02-11-48-27/SITE111_ORNT336_VIS10+mi.png,10.0,10.0
SITE111,31,2025-04-13-19-09-12/SITE111_ORNT61_VIS10+mi.png,10.0,10.0
SITE111,31,2025-02-01-17-30-02/SITE111_ORNT246_VIS3mi.png,3.0,7.0
SITE111,31,2024-07-07-11-04-33/SITE111_ORNT61_VIS6mi.png,6.0,4.0
SITE111,31,2024-06-27-10-23-10/SITE111_ORNT246_VIS7mi.png,7.0,7.0
SITE111,31,2024-07-26-10-22-16/SITE111_ORNT181_VIS5mi.png,5.0,7.0
SITE111,31,2025-04-02-15-05-32/SITE111_ORNT246_VIS7mi.png,7.0,7.0
SITE111,31,2024-09-08-13-07-06/SITE111_ORNT61_VIS1-5mi.png,1.0,1.0
SITE115,42,2025-02-11-14-30-47/SITE115_ORNT36_VIS10+mi.png,10.0,10.0
SITE115,42,2025-04-01-16-59-16/SITE115_ORNT36_VIS2mi.png,2.0,10.0
SITE115,42,2024-06-14-11-11-00/SITE115_ORNT287_VIS4mi.png,4.0,4.0
SITE115,42,2025-04-07-16-10-10/SITE115_ORNT287_VIS3mi.png,3.0,1.0
SITE115,42,2024-07-05-14-33-31/SITE115_ORNT219_VIS1-75mi.png,1.0,2.0
SITE115,42,2024-07-04-10-22-12/SITE115_ORNT219_VIS4mi.png,4.0,2.0
SITE115,42,2025-02-01-17-30-02/SITE115_ORNT115_VIS1-5mi.png,1.0,1.0
SITE115,42,2025-04-07-16-10-10/SITE115_ORNT115_VIS3mi.png,3.0,1.0
SITE115,42,2024-07-05-10-36-13/SITE115_ORNT36_VIS2-5mi.png,2.0,2.0
SITE115,42,2024-08-02-10-36-13/SITE115_ORNT115_VIS6mi.png,6.0,6.0
SITE115,42,2025-04-01-16-59-16/SITE115_ORNT287_VIS2mi.png,2.0,10.0
SITE115,42,2024-08-02-20-27-22/SITE115_ORNT287_VIS1mi.png,1.0,2.0
SITE115,42,2024-07-28-11-17-19/SITE115_ORNT115_VIS8mi.png,8.0,8.0
SITE115,42,2024-07-02-16-22-41/SITE115_ORNT36_VIS6mi.png,6.0,4.0
SITE115,42,2025-02-15-16-53-20/SITE115_ORNT219_VIS7mi.png,7.0,10.0
SITE115,42,2024-08-02-13-37-25/SITE115_ORNT287_VIS5mi.png,5.0,4.0
SITE116,35,2024-07-07-11-04-33/SITE116_ORNT179_VIS4mi.png,4.0,7.0
SITE116,35,2025-03-20-11-55-50/SITE116_ORNT3_VIS1-25mi.png,1.0,2.0
SITE116,35,2024-07-25-18-03-52/SITE116_ORNT179_VIS8mi.png,8.0,2.0
SITE116,35,2024-05-21-12-02-34/SITE116_ORNT3_VIS6mi.png,6.0,7.0
SITE116,35,2024-07-28-19-40-21/SITE116_ORNT108_VIS3mi.png,3.0,2.0
SITE116,35,2024-07-14-13-28-24/SITE116_ORNT3_VIS5mi.png,5.0,7.0
SITE116,35,2024-08-02-13-37-25/SITE116_ORNT3_VIS7mi.png,7.0,7.0
SITE116,35,2025-01-23-15-05-27/SITE116_ORNT3_VIS10+mi.png,10.0,10.0
SITE116,35,2024-07-05-14-33-31/SITE116_ORNT277_VIS2-5mi.png,2.0,2.0
SITE116,35,2024-06-13-13-46-47/SITE116_ORNT277_VIS2-5mi.png,2.0,2.0
SITE116,35,2024-07-29-17-46-25/SITE116_ORNT179_VIS3mi.png,3.0,3.0
SITE116,35,2024-09-15-16-06-51/SITE116_ORNT277_VIS7mi.png,7.0,7.0
SITE116,35,2025-01-31-13-49-43/SITE116_ORNT108_VIS2-5mi.png,2.0,2.0
SITE117,68,2025-03-18-13-52-55/SITE117_ORNT165_VIS6mi.png,6.0,3.0
SITE117,68,2024-06-06-10-38-22/SITE117_ORNT320_VIS5mi.png,5.0,4.0
SITE117,68,2025-01-15-12-14-16/SITE117_ORNT43_VIS2mi.png,2.0,3.0
SITE117,68,2024-06-22-15-38-49/SITE117_ORNT128_VIS4mi.png,4.0,4.0
SITE117,68,2024-07-28-11-17-19/SITE117_ORNT128_VIS2mi.png,2.0,3.0
SITE117,68,2024-07-01-19-28-49/SITE117_ORNT165_VIS4mi.png,4.0,4.0
SITE117,68,2024-05-23-15-19-49/SITE117_ORNT165_VIS3mi.png,3.0,3.0
SITE117,68,2025-03-01-18-07-41/SITE117_ORNT320_VIS5mi.png,5.0,5.0
SITE117,68,2024-10-06-17-04-59/SITE117_ORNT128_VIS8mi.png,8.0,4.0
SITE117,68,2024-05-23-15-19-49/SITE117_ORNT320_VIS3mi.png,3.0,8.0
SITE117,68,2024-09-21-11-24-11/SITE117_ORNT320_VIS8mi.png,8.0,4.0
SITE117,68,2024-07-30-14-06-06/SITE117_ORNT320_VIS7mi.png,7.0,4.0
SITE117,68,2025-02-17-14-46-26/SITE117_ORNT320_VIS10+mi.png,10.0,10.0
SITE117,68,2025-04-22-15-39-35/SITE117_ORNT165_VIS5mi.png,5.0,5.0
SITE117,68,2024-06-10-18-34-10/SITE117_ORNT43_VIS6mi.png,6.0,4.0
SITE117,68,2024-08-10-09-44-28/SITE117_ORNT320_VIS4mi.png,4.0,3.0
SITE117,68,2025-01-22-12-38-15/SITE117_ORNT320_VIS3mi.png,3.0,3.0
SITE117,68,2025-03-02-13-12-40/SITE117_ORNT320_VIS8mi.png,8.0,8.0
SITE117,68,2025-03-02-11-48-27/SITE117_ORNT320_VIS3mi.png,3.0,3.0
SITE117,68,2024-07-30-14-06-06/SITE117_ORNT128_VIS7mi.png,7.0,4.0
SITE117,68,2024-09-15-16-06-51/SITE117_ORNT320_VIS4mi.png,4.0,8.0
SITE119,25,2024-07-28-13-48-26/SITE119_ORNT157_VIS5mi.png,5.0,5.0
SITE119,25,2025-01-31-13-49-43/SITE119_ORNT157_VIS8mi.png,8.0,5.0
SITE119,25,2025-02-17-14-46-26/SITE119_ORNT13_VIS5mi.png,5.0,5.0
SITE119,25,2024-07-28-11-17-19/SITE119_ORNT275_VIS3mi.png,3.0,5.0
SITE119,25,2024-06-30-10-21-08/SITE119_ORNT13_VIS7mi.png,7.0,10.0
SITE119,25,2025-02-17-14-46-26/SITE119_ORNT275_VIS5mi.png,5.0,5.0
SITE119,25,2024-12-23-15-38-40/SITE119_ORNT275_VIS1-5mi.png,1.0,1.0
SITE119,25,2025-04-22-15-39-35/SITE119_ORNT157_VIS2mi.png,2.0,7.0
SITE119,25,2025-04-16-13-54-24/SITE119_ORNT13_VIS3mi.png,3.0,1.0
SITE119,25,2025-03-26-14-35-40/SITE119_ORNT96_VIS10+mi.png,10.0,10.0
SITE12,38,2024-06-06-17-01-51/SITE12_ORNT200_VIS5mi.png,5.0,6.0
SITE12,38,2024-08-16-20-03-50/SITE12_ORNT270_VIS6mi.png,6.0,4.0
SITE12,38,2025-03-29-15-28-57/SITE12_ORNT200_VIS10+mi.png,10.0,10.0
SITE12,38,2025-01-17-15-10-02/SITE12_ORNT200_VIS1-25mi.png,1.0,1.0
SITE12,38,2025-02-05-13-59-56/SITE12_ORNT60_VIS1-75mi.png,1.0,1.0
SITE12,38,2025-02-15-16-53-20/SITE12_ORNT60_VIS7mi.png,7.0,10.0
SITE12,38,2025-03-31-15-41-11/SITE12_ORNT270_VIS2mi.png,2.0,2.0
SITE12,38,2024-07-28-11-17-19/SITE12_ORNT270_VIS6mi.png,6.0,4.0
SITE12,38,2025-01-26-15-53-06/SITE12_ORNT60_VIS2mi.png,2.0,2.0
SITE12,38,2024-07-04-10-22-12/SITE12_ORNT270_VIS3mi.png,3.0,4.0
SITE12,38,2025-03-15-15-41-34/SITE12_ORNT5_VIS4mi.png,4.0,10.0
SITE12,38,2025-02-04-15-47-48/SITE12_ORNT5_VIS1mi.png,1.0,2.0
SITE12,38,2025-04-11-14-52-32/SITE12_ORNT270_VIS2-5mi.png,2.0,2.0
SITE12,38,2024-07-14-10-21-23/SITE12_ORNT5_VIS6mi.png,6.0,6.0
SITE12,38,2025-03-15-15-41-34/SITE12_ORNT270_VIS4mi.png,4.0,2.0
SITE127,34,2024-07-28-11-17-19/SITE127_ORNT206_VIS5mi.png,5.0,2.0
SITE127,34,2024-07-05-14-33-31/SITE127_ORNT114_VIS3mi.png,3.0,4.0
SITE127,34,2025-04-01-16-59-16/SITE127_ORNT30_VIS4mi.png,4.0,1.0
SITE127,34,2025-04-02-15-05-32/SITE127_ORNT272_VIS1mi.png,1.0,2.0
SITE127,34,2024-05-21-12-02-34/SITE127_ORNT272_VIS6mi.png,6.0,7.0
SITE127,34,2025-01-26-13-23-03/SITE127_ORNT114_VIS5mi.png,5.0,4.0
SITE127,34,2025-03-20-11-55-50/SITE127_ORNT114_VIS2mi.png,2.0,1.0
SITE127,34,2024-07-29-17-46-25/SITE127_ORNT30_VIS6mi.png,6.0,4.0
SITE127,34,2025-03-05-12-08-53/SITE127_ORNT272_VIS10+mi.png,10.0,10.0
SITE127,34,2025-02-04-15-47-48/SITE127_ORNT114_VIS3mi.png,3.0,7.0
SITE127,34,2024-05-07-15-42-07/SITE127_ORNT30_VIS4mi.png,4.0,4.0
SITE127,34,2024-05-22-13-05-54/SITE127_ORNT272_VIS7mi.png,7.0,4.0
SITE128,43,2024-07-04-10-22-12/SITE128_ORNT40_VIS2mi.png,2.0,2.0
SITE128,43,2025-01-23-15-05-27/SITE128_ORNT135_VIS7mi.png,7.0,4.0
SITE128,43,2024-12-23-15-38-40/SITE128_ORNT40_VIS1-5mi.png,1.0,1.0
SITE128,43,2025-02-10-14-47-56/SITE128_ORNT40_VIS8mi.png,8.0,7.0
SITE128,43,2025-02-01-17-30-02/SITE128_ORNT135_VIS10+mi.png,10.0,10.0
SITE128,43,2024-08-29-17-58-30/SITE128_ORNT40_VIS6mi.png,6.0,7.0
SITE128,43,2024-08-29-17-58-30/SITE128_ORNT303_VIS6mi.png,6.0,7.0
SITE128,43,2024-05-03-12-14-06/SITE128_ORNT303_VIS7mi.png,7.0,7.0
SITE128,43,2024-07-28-11-17-19/SITE128_ORNT303_VIS4mi.png,4.0,4.0
SITE128,43,2024-10-13-15-24-41/SITE128_ORNT303_VIS7mi.png,7.0,7.0
SITE128,43,2025-01-26-15-53-06/SITE128_ORNT135_VIS3mi.png,3.0,4.0
SITE128,43,2025-01-28-16-10-28/SITE128_ORNT242_VIS1-25mi.png,1.0,8.0
SITE128,43,2024-06-30-10-21-08/SITE128_ORNT303_VIS4mi.png,4.0,4.0
SITE128,43,2024-07-07-15-01-32/SITE128_ORNT40_VIS5mi.png,5.0,4.0
SITE129,37,2024-08-11-13-07-09/SITE129_ORNT266_VIS1mi.png,1.0,2.0
SITE129,37,2024-06-21-15-35-27/SITE129_ORNT169_VIS9mi.png,9.0,7.0
SITE129,37,2025-03-31-15-41-11/SITE129_ORNT356_VIS8mi.png,8.0,2.0
SITE129,37,2024-08-16-20-03-50/SITE129_ORNT266_VIS2mi.png,2.0,5.0
SITE129,37,2024-05-13-18-48-49/SITE129_ORNT266_VIS7mi.png,7.0,8.0
SITE129,37,2025-02-15-16-53-20/SITE129_ORNT356_VIS10+mi.png,10.0,8.0
SITE129,37,2024-07-05-14-33-31/SITE129_ORNT169_VIS4mi.png,4.0,5.0
SITE129,37,2024-09-08-13-07-06/SITE129_ORNT356_VIS3mi.png,3.0,2.0
SITE129,37,2024-05-09-16-15-37/SITE129_ORNT356_VIS5mi.png,5.0,5.0
SITE129,37,2024-05-09-16-15-37/SITE129_ORNT266_VIS5mi.png,5.0,8.0
SITE129,37,2024-07-05-10-36-13/SITE129_ORNT266_VIS2mi.png,2.0,2.0
SITE129,37,2025-04-02-15-05-32/SITE129_ORNT169_VIS2mi.png,2.0,2.0
SITE129,37,2024-07-02-16-22-41/SITE129_ORNT169_VIS8mi.png,8.0,5.0
SITE129,37,2025-02-17-14-46-26/SITE129_ORNT266_VIS6mi.png,6.0,10.0
SITE13,92,2024-06-06-10-38-22/SITE13_ORNT10_VIS2mi.png,2.0,3.0
SITE13,92,2025-03-03-11-33-30/SITE13_ORNT85_VIS4mi.png,4.0,3.0
SITE13,92,2024-10-10-15-17-15/SITE13_ORNT240_VIS3mi.png,3.0,3.0
SITE13,92,2025-05-17-16-10-31/SITE13_ORNT85_VIS6mi.png,6.0,7.0
SITE13,92,2024-06-15-14-23-40/SITE13_ORNT10_VIS3mi.png,3.0,3.0
SITE13,92,2024-07-28-11-17-19/SITE13_ORNT85_VIS1-25mi.png,1.0,1.0
SITE13,92,2024-07-30-16-52-29/SITE13_ORNT85_VIS3mi.png,3.0,3.0
SITE13,92,2024-07-27-10-27-08/SITE13_ORNT240_VIS2-5mi.png,2.0,1.0
SITE13,92,2024-06-15-14-23-40/SITE13_ORNT185_VIS3mi.png,3.0,3.0
SITE13,92,2024-07-23-16-31-18/SITE13_ORNT10_VIS4mi.png,4.0,3.0
SITE13,92,2024-08-26-16-02-03/SITE13_ORNT240_VIS8mi.png,8.0,3.0
SITE13,92,2025-03-31-15-41-11/SITE13_ORNT85_VIS4mi.png,4.0,7.0
SITE13,92,2025-05-17-16-10-31/SITE13_ORNT10_VIS6mi.png,6.0,3.0
SITE13,92,2024-07-02-16-22-41/SITE13_ORNT85_VIS3mi.png,3.0,7.0
SITE13,92,2024-07-29-16-41-43/SITE13_ORNT240_VIS1mi.png,1.0,1.0
SITE13,92,2024-08-01-13-32-05/SITE13_ORNT10_VIS5mi.png,5.0,3.0
SITE13,92,2024-06-14-14-13-33/SITE13_ORNT85_VIS5mi.png,5.0,3.0
SITE13,92,2025-02-19-12-18-05/SITE13_ORNT85_VIS7mi.png,7.0,7.0
SITE13,92,2024-06-14-14-13-33/SITE13_ORNT10_VIS5mi.png,5.0,4.0
SITE13,92,2024-08-01-13-32-05/SITE13_ORNT85_VIS5mi.png,5.0,3.0
SITE13,92,2024-10-13-12-27-42/SITE13_ORNT85_VIS1mi.png,1.0,3.0
SITE13,92,2024-06-15-14-23-40/SITE13_ORNT240_VIS3mi.png,3.0,3.0
SITE13,92,2024-06-09-10-51-06/SITE13_ORNT10_VIS1-5mi.png,1.0,4.0
SITE13,92,2024-10-11-15-41-13/SITE13_ORNT85_VIS7mi.png,7.0,3.0
SITE13,92,2025-01-23-15-05-27/SITE13_ORNT185_VIS3mi.png,3.0,3.0
SITE13,92,2024-09-12-12-03-32/SITE13_ORNT10_VIS1-5mi.png,1.0,1.0
SITE132,23,2025-03-02-13-12-40/SITE132_ORNT265_VIS3mi.png,3.0,1.0
SITE132,23,2025-02-01-17-30-02/SITE132_ORNT265_VIS9mi.png,9.0,10.0
SITE132,23,2024-06-17-10-37-40/SITE132_ORNT141_VIS8mi.png,8.0,8.0
SITE132,23,2024-07-27-10-27-08/SITE132_ORNT305_VIS2mi.png,2.0,2.0
SITE132,23,2025-03-29-15-28-57/SITE132_ORNT30_VIS3mi.png,3.0,9.0
SITE132,23,2024-05-07-15-42-07/SITE132_ORNT265_VIS1-75mi.png,1.0,2.0
SITE132,23,2025-03-06-15-10-58/SITE132_ORNT265_VIS2mi.png,2.0,2.0
SITE132,23,2025-01-28-16-10-28/SITE132_ORNT30_VIS1mi.png,1.0,2.0
SITE134,16,2024-05-09-16-15-37/SITE134_ORNT165_VIS6mi.png,6.0,8.0
SITE134,16,2025-03-02-13-12-40/SITE134_ORNT70_VIS1-5mi.png,1.0,1.0
SITE134,16,2024-07-14-10-21-23/SITE134_ORNT5_VIS4mi.png,4.0,4.0
SITE134,16,2024-07-27-10-27-08/SITE134_ORNT70_VIS5mi.png,5.0,7.0
SITE134,16,2024-05-23-15-19-49/SITE134_ORNT5_VIS1-75mi.png,1.0,5.0
SITE134,16,2024-07-04-10-22-12/SITE134_ORNT5_VIS9mi.png,9.0,1.0
SITE134,16,2024-07-23-13-08-12/SITE134_ORNT5_VIS1-25mi.png,1.0,1.0
SITE134,16,2025-03-29-15-28-57/SITE134_ORNT294_VIS7mi.png,7.0,1.0
SITE14,21,2024-09-20-16-20-08/SITE14_ORNT35_VIS2mi.png,2.0,5.0
SITE14,21,2025-03-31-13-29-12/SITE14_ORNT240_VIS8mi.png,8.0,7.0
SITE14,21,2025-03-31-13-29-12/SITE14_ORNT150_VIS8mi.png,8.0,8.0
SITE14,21,2024-04-30-13-21-52/SITE14_ORNT35_VIS5mi.png,5.0,8.0
SITE14,21,2025-02-04-15-47-48/SITE14_ORNT195_VIS1mi.png,1.0,1.0
SITE14,21,2024-04-30-13-21-52/SITE14_ORNT150_VIS5mi.png,5.0,8.0
SITE14,21,2025-05-13-14-10-59/SITE14_ORNT240_VIS7mi.png,7.0,5.0
SITE14,21,2025-02-11-14-30-47/SITE14_ORNT35_VIS10+mi.png,10.0,7.0
SITE14,21,2024-07-24-16-43-44/SITE14_ORNT195_VIS7mi.png,7.0,8.0
SITE15,41,2024-07-28-11-17-19/SITE15_ORNT170_VIS7mi.png,7.0,4.0
SITE15,41,2024-08-02-13-37-25/SITE15_ORNT350_VIS4mi.png,4.0,4.0
SITE15,41,2024-07-07-15-01-32/SITE15_ORNT170_VIS6mi.png,6.0,4.0
SITE15,41,2024-08-24-13-47-04/SITE15_ORNT350_VIS5mi.png,5.0,6.0
SITE15,41,2024-09-08-13-07-06/SITE15_ORNT350_VIS2mi.png,2.0,4.0
SITE15,41,2025-01-23-15-05-27/SITE15_ORNT90_VIS7mi.png,7.0,4.0
SITE15,41,2024-07-25-18-03-52/SITE15_ORNT350_VIS6mi.png,6.0,4.0
SITE15,41,2024-05-23-15-19-49/SITE15_ORNT170_VIS8mi.png,8.0,8.0
SITE15,41,2025-02-04-15-47-48/SITE15_ORNT170_VIS10+mi.png,10.0,10.0
SITE15,41,2024-09-18-18-13-42/SITE15_ORNT90_VIS3mi.png,3.0,6.0
SITE15,41,2025-02-17-14-46-26/SITE15_ORNT90_VIS4mi.png,4.0,4.0
SITE15,41,2025-02-17-14-46-26/SITE15_ORNT265_VIS4mi.png,4.0,4.0
SITE15,41,2025-03-31-13-29-12/SITE15_ORNT350_VIS1-25mi.png,1.0,8.0
SITE15,41,2024-07-28-13-48-26/SITE15_ORNT170_VIS8mi.png,8.0,4.0
SITE15,41,2024-10-13-15-24-41/SITE15_ORNT265_VIS2-5mi.png,2.0,2.0
SITE15,41,2024-09-08-13-07-06/SITE15_ORNT90_VIS2mi.png,2.0,6.0
SITE156,44,2025-01-26-13-23-03/SITE156_ORNT135_VIS3mi.png,3.0,7.0
SITE156,44,2024-07-25-10-00-39/SITE156_ORNT247_VIS2mi.png,2.0,2.0
SITE156,44,2024-10-13-15-24-41/SITE156_ORNT294_VIS4mi.png,4.0,2.0
SITE156,44,2024-07-07-11-04-33/SITE156_ORNT135_VIS2mi.png,2.0,2.0
SITE156,44,2025-04-13-19-09-12/SITE156_ORNT294_VIS6mi.png,6.0,7.0
SITE156,44,2025-03-05-12-08-53/SITE156_ORNT135_VIS7mi.png,7.0,3.0
SITE156,44,2025-04-16-13-54-24/SITE156_ORNT135_VIS7mi.png,7.0,7.0
SITE156,44,2025-04-22-15-39-35/SITE156_ORNT135_VIS7mi.png,7.0,7.0
SITE156,44,2025-03-28-10-38-15/SITE156_ORNT247_VIS10+mi.png,10.0,10.0
SITE156,44,2024-06-05-18-49-24/SITE156_ORNT294_VIS5mi.png,5.0,7.0
SITE156,44,2025-04-22-15-39-35/SITE156_ORNT247_VIS7mi.png,7.0,7.0
SITE156,44,2024-08-11-13-07-09/SITE156_ORNT294_VIS3mi.png,3.0,7.0
SITE160,21,2024-10-10-15-17-15/SITE160_ORNT79_VIS6mi.png,6.0,3.0
SITE160,21,2024-06-05-18-49-24/SITE160_ORNT79_VIS8mi.png,8.0,4.0
SITE160,21,2024-08-11-09-28-59/SITE160_ORNT237_VIS7mi.png,7.0,3.0
SITE160,21,2024-07-07-15-01-32/SITE160_ORNT332_VIS3mi.png,3.0,3.0
SITE160,21,2024-08-18-13-20-24/SITE160_ORNT332_VIS4mi.png,4.0,3.0
SITE160,21,2025-01-23-15-05-27/SITE160_ORNT332_VIS1-25mi.png,1.0,1.0
SITE160,21,2025-04-07-16-10-10/SITE160_ORNT79_VIS4mi.png,4.0,10.0
SITE160,21,2025-03-18-13-52-55/SITE160_ORNT237_VIS3mi.png,3.0,3.0
SITE160,21,2025-02-15-15-20-00/SITE160_ORNT237_VIS10+mi.png,10.0,10.0
SITE161,33,2024-09-07-13-37-18/SITE161_ORNT316_VIS4mi.png,4.0,3.0
SITE161,33,2025-01-15-12-14-16/SITE161_ORNT316_VIS3mi.png,3.0,3.0
SITE161,33,2024-06-01-11-15-19/SITE161_ORNT141_VIS3mi.png,3.0,3.0
SITE161,33,2025-01-22-12-38-15/SITE161_ORNT141_VIS1mi.png,1.0,1.0
SITE161,33,2025-03-18-13-52-55/SITE161_ORNT192_VIS6mi.png,6.0,3.0
SITE161,33,2025-01-29-12-01-12/SITE161_ORNT141_VIS6mi.png,6.0,3.0
SITE161,33,2025-01-28-16-10-28/SITE161_ORNT192_VIS1-5mi.png,1.0,3.0
SITE161,33,2025-04-13-19-09-12/SITE161_ORNT141_VIS6mi.png,6.0,3.0
SITE161,33,2025-03-31-15-41-11/SITE161_ORNT141_VIS15mi.png,10.0,10.0
SITE161,33,2024-08-30-10-00-55/SITE161_ORNT141_VIS2-5mi.png,2.0,6.0
SITE161,33,2024-12-09-12-13-38/SITE161_ORNT316_VIS3mi.png,3.0,3.0
SITE161,33,2025-03-23-13-51-54/SITE161_ORNT316_VIS8mi.png,8.0,3.0
SITE165,19,2025-03-02-13-12-40/SITE165_ORNT205_VIS8mi.png,8.0,2.0
SITE165,19,2025-03-06-15-10-58/SITE165_ORNT100_VIS2mi.png,2.0,1.0
SITE165,19,2025-01-28-16-10-28/SITE165_ORNT290_VIS9mi.png,9.0,6.0
SITE165,19,2025-04-14-19-44-02/SITE165_ORNT205_VIS6mi.png,6.0,6.0
SITE165,19,2025-04-11-14-52-32/SITE165_ORNT290_VIS4mi.png,4.0,6.0
SITE165,19,2025-03-04-14-20-15/SITE165_ORNT100_VIS1-25mi.png,1.0,1.0
SITE165,19,2025-04-11-14-52-32/SITE165_ORNT205_VIS4mi.png,4.0,2.0
SITE167,23,2025-03-11-17-13-52/SITE167_ORNT312_VIS10+mi.png,10.0,10.0
SITE167,23,2024-09-08-16-00-24/SITE167_ORNT105_VIS4mi.png,4.0,1.0
SITE167,23,2025-03-03-11-33-30/SITE167_ORNT105_VIS2mi.png,2.0,10.0
SITE167,23,2024-09-08-13-07-06/SITE167_ORNT60_VIS3mi.png,3.0,4.0
SITE167,23,2024-07-05-10-36-13/SITE167_ORNT60_VIS1mi.png,1.0,1.0
SITE167,23,2024-09-02-17-43-28/SITE167_ORNT312_VIS2-5mi.png,2.0,2.0
SITE167,23,2025-04-02-15-05-32/SITE167_ORNT60_VIS1-5mi.png,1.0,1.0
SITE167,23,2024-07-02-10-19-43/SITE167_ORNT60_VIS4mi.png,4.0,4.0
SITE167,23,2024-06-17-19-22-23/SITE167_ORNT105_VIS1-25mi.png,1.0,1.0
SITE167,23,2025-03-29-15-28-57/SITE167_ORNT105_VIS5mi.png,5.0,2.0
SITE168,24,2025-03-04-14-20-15/SITE168_ORNT285_VIS1-5mi.png,1.0,1.0
SITE168,24,2025-02-01-17-30-02/SITE168_ORNT285_VIS1-25mi.png,1.0,1.0
SITE168,24,2025-04-07-16-10-10/SITE168_ORNT285_VIS3mi.png,3.0,1.0
SITE168,24,2025-02-15-16-53-20/SITE168_ORNT285_VIS2-5mi.png,2.0,1.0
SITE168,24,2025-04-10-17-56-44/SITE168_ORNT285_VIS8mi.png,8.0,8.0
SITE168,24,2025-01-26-15-53-06/SITE168_ORNT40_VIS7mi.png,7.0,4.0
SITE168,24,2024-05-27-19-19-47/SITE168_ORNT205_VIS8mi.png,8.0,8.0
SITE168,24,2025-04-11-14-52-32/SITE168_ORNT205_VIS4mi.png,4.0,8.0
SITE168,24,2025-02-11-14-30-47/SITE168_ORNT40_VIS10+mi.png,10.0,7.0
SITE169,35,2025-03-26-12-24-08/SITE169_ORNT157_VIS4mi.png,4.0,7.0
SITE169,35,2024-07-28-13-48-26/SITE169_ORNT157_VIS1-75mi.png,1.0,7.0
SITE169,35,2024-09-02-17-43-28/SITE169_ORNT157_VIS7mi.png,7.0,7.0
SITE169,35,2024-07-22-11-13-59/SITE169_ORNT14_VIS5mi.png,5.0,2.0
SITE169,35,2024-09-19-14-23-02/SITE169_ORNT57_VIS4mi.png,4.0,7.0
SITE169,35,2024-07-02-16-22-41/SITE169_ORNT157_VIS5mi.png,5.0,7.0
SITE169,35,2024-08-18-19-28-16/SITE169_ORNT157_VIS7mi.png,7.0,7.0
SITE169,35,2025-01-26-15-53-06/SITE169_ORNT57_VIS10+mi.png,10.0,7.0
SITE169,35,2025-02-04-15-47-48/SITE169_ORNT14_VIS2-25mi.png,2.0,2.0
SITE169,35,2024-09-07-13-37-18/SITE169_ORNT228_VIS2-5mi.png,2.0,2.0
SITE169,35,2024-07-05-14-33-31/SITE169_ORNT14_VIS3mi.png,3.0,2.0
SITE169,35,2024-08-18-19-28-16/SITE169_ORNT57_VIS7mi.png,7.0,7.0
SITE169,35,2025-03-04-14-20-15/SITE169_ORNT228_VIS2mi.png,2.0,2.0
SITE17,47,2024-05-08-14-34-39/SITE17_ORNT340_VIS1mi.png,1.0,1.0
SITE17,47,2024-06-01-11-15-19/SITE17_ORNT340_VIS6mi.png,6.0,8.0
SITE17,47,2024-06-17-10-37-40/SITE17_ORNT340_VIS7mi.png,7.0,8.0
SITE17,47,2024-08-26-16-02-03/SITE17_ORNT195_VIS3mi.png,3.0,4.0
SITE17,47,2024-06-07-15-28-05/SITE17_ORNT280_VIS5mi.png,5.0,4.0
SITE17,47,2024-05-03-12-14-06/SITE17_ORNT195_VIS1-25mi.png,1.0,1.0
SITE17,47,2024-08-15-16-44-48/SITE17_ORNT195_VIS1-25mi.png,1.0,1.0
SITE17,47,2025-01-23-15-05-27/SITE17_ORNT195_VIS8mi.png,8.0,6.0
SITE17,47,2024-05-21-12-02-34/SITE17_ORNT95_VIS9mi.png,9.0,9.0
SITE17,47,2024-08-31-14-30-34/SITE17_ORNT280_VIS4mi.png,4.0,6.0
SITE17,47,2024-05-11-17-39-19/SITE17_ORNT95_VIS2-5mi.png,2.0,6.0
SITE17,47,2024-08-29-14-11-27/SITE17_ORNT340_VIS4mi.png,4.0,4.0
SITE17,47,2025-04-22-15-39-35/SITE17_ORNT280_VIS7mi.png,7.0,10.0
SITE17,47,2024-06-01-11-15-19/SITE17_ORNT280_VIS6mi.png,6.0,8.0
SITE17,47,2024-10-10-15-17-15/SITE17_ORNT95_VIS8mi.png,8.0,4.0
SITE17,47,2024-08-29-14-11-27/SITE17_ORNT95_VIS4mi.png,4.0,1.0
SITE171,28,2024-08-15-16-44-48/SITE171_ORNT23_VIS4mi.png,4.0,2.0
SITE171,28,2024-12-23-15-38-40/SITE171_ORNT315_VIS6mi.png,6.0,3.0
SITE171,28,2024-08-02-13-37-25/SITE171_ORNT23_VIS3mi.png,3.0,2.0
SITE171,28,2025-03-17-19-09-03/SITE171_ORNT23_VIS10+mi.png,10.0,10.0
SITE171,28,2025-01-28-16-10-28/SITE171_ORNT126_VIS6mi.png,6.0,1.0
SITE171,28,2025-03-04-14-20-15/SITE171_ORNT184_VIS1-25mi.png,1.0,1.0
SITE171,28,2024-09-08-16-00-24/SITE171_ORNT315_VIS5mi.png,5.0,2.0
SITE171,28,2024-07-04-13-27-11/SITE171_ORNT126_VIS2mi.png,2.0,1.0
SITE171,28,2024-07-04-10-22-12/SITE171_ORNT126_VIS1-5mi.png,1.0,1.0
SITE171,28,2024-08-29-14-11-27/SITE171_ORNT184_VIS1mi.png,1.0,2.0
SITE178,25,2025-04-02-15-05-32/SITE178_ORNT195_VIS5mi.png,5.0,5.0
SITE178,25,2025-01-28-16-10-28/SITE178_ORNT195_VIS7mi.png,7.0,2.0
SITE178,25,2025-03-31-13-29-12/SITE178_ORNT110_VIS6mi.png,6.0,7.0
SITE178,25,2024-07-14-16-38-50/SITE178_ORNT300_VIS2mi.png,2.0,2.0
SITE178,25,2024-09-08-13-07-06/SITE178_ORNT110_VIS5mi.png,5.0,5.0
SITE178,25,2025-01-31-13-49-43/SITE178_ORNT300_VIS1-25mi.png,1.0,1.0
SITE178,25,2025-02-04-15-47-48/SITE178_ORNT40_VIS3mi.png,3.0,2.0
SITE178,25,2024-07-04-10-22-12/SITE178_ORNT300_VIS1-75mi.png,1.0,2.0
SITE178,25,2025-02-14-15-24-27/SITE178_ORNT300_VIS8mi.png,8.0,10.0
SITE179,72,2024-07-14-10-21-23/SITE179_ORNT36_VIS3mi.png,3.0,4.0
SITE179,72,2025-01-15-15-33-17/SITE179_ORNT36_VIS6mi.png,6.0,1.0
SITE179,72,2024-07-22-11-13-59/SITE179_ORNT36_VIS2mi.png,2.0,2.0
SITE179,72,2025-04-02-15-05-32/SITE179_ORNT185_VIS8mi.png,8.0,5.0
SITE179,72,2024-10-07-14-17-08/SITE179_ORNT230_VIS4mi.png,4.0,4.0
SITE179,72,2025-02-12-14-37-35/SITE179_ORNT185_VIS4mi.png,4.0,4.0
SITE179,72,2024-08-18-13-20-24/SITE179_ORNT185_VIS3mi.png,3.0,4.0
SITE179,72,2024-05-07-15-42-07/SITE179_ORNT185_VIS1mi.png,1.0,4.0
SITE179,72,2025-04-10-17-56-44/SITE179_ORNT36_VIS2-5mi.png,2.0,2.0
SITE179,72,2024-07-05-14-33-31/SITE179_ORNT230_VIS8mi.png,8.0,8.0
SITE179,72,2024-07-07-20-11-04/SITE179_ORNT36_VIS4mi.png,4.0,2.0
SITE179,72,2024-09-27-16-12-40/SITE179_ORNT185_VIS2-5mi.png,2.0,7.0
SITE179,72,2024-07-07-15-01-32/SITE179_ORNT230_VIS4mi.png,4.0,4.0
SITE179,72,2025-04-01-16-59-16/SITE179_ORNT36_VIS1-25mi.png,1.0,8.0
SITE179,72,2024-09-15-16-06-51/SITE179_ORNT108_VIS7mi.png,7.0,4.0
SITE179,72,2024-08-15-16-44-48/SITE179_ORNT108_VIS9mi.png,9.0,4.0
SITE179,72,2024-07-02-16-22-41/SITE179_ORNT230_VIS7mi.png,7.0,4.0
SITE179,72,2024-06-30-10-21-08/SITE179_ORNT230_VIS3mi.png,3.0,2.0
SITE179,72,2025-03-04-14-20-15/SITE179_ORNT185_VIS1-75mi.png,1.0,1.0
SITE179,72,2025-02-17-14-46-26/SITE179_ORNT230_VIS5mi.png,5.0,4.0
SITE179,72,2024-06-14-14-13-33/SITE179_ORNT230_VIS2mi.png,2.0,4.0
SITE18,54,2025-03-31-13-29-12/SITE18_ORNT135_VIS8mi.png,8.0,8.0
SITE18,54,2025-04-14-19-44-02/SITE18_ORNT290_VIS5mi.png,5.0,5.0
SITE18,54,2024-10-10-15-17-15/SITE18_ORNT5_VIS7mi.png,7.0,8.0
SITE18,54,2025-02-05-13-59-56/SITE18_ORNT210_VIS3mi.png,3.0,3.0
SITE18,54,2025-02-12-14-37-35/SITE18_ORNT210_VIS10+mi.png,10.0,8.0
SITE18,54,2025-01-28-16-10-28/SITE18_ORNT290_VIS6mi.png,6.0,3.0
SITE18,54,2025-02-05-13-59-56/SITE18_ORNT135_VIS3mi.png,3.0,8.0
SITE18,54,2024-06-06-17-01-51/SITE18_ORNT5_VIS8mi.png,8.0,8.0
SITE18,54,2025-04-02-15-05-32/SITE18_ORNT210_VIS5mi.png,5.0,5.0
SITE18,54,2024-10-10-15-17-15/SITE18_ORNT210_VIS7mi.png,7.0,7.0
SITE18,54,2025-03-26-14-35-40/SITE18_ORNT135_VIS3mi.png,3.0,3.0
SITE18,54,2024-12-24-15-14-57/SITE18_ORNT210_VIS8mi.png,8.0,8.0
SITE18,54,2025-03-17-19-09-03/SITE18_ORNT210_VIS1-75mi.png,1.0,1.0
SITE18,54,2024-06-06-10-38-22/SITE18_ORNT290_VIS8mi.png,8.0,8.0
SITE18,54,2025-01-31-13-49-43/SITE18_ORNT210_VIS2-5mi.png,2.0,3.0
SITE18,54,2024-06-10-18-34-10/SITE18_ORNT135_VIS8mi.png,8.0,8.0
SITE18,54,2025-03-11-17-13-52/SITE18_ORNT5_VIS9mi.png,9.0,8.0
SITE18,54,2025-02-04-15-47-48/SITE18_ORNT290_VIS3mi.png,3.0,3.0
SITE186,48,2024-07-18-11-32-15/SITE186_ORNT275_VIS1mi.png,1.0,1.0
SITE186,48,2024-07-14-16-38-50/SITE186_ORNT275_VIS4mi.png,4.0,7.0
SITE186,48,2025-01-28-16-10-28/SITE186_ORNT275_VIS8mi.png,8.0,1.0
SITE186,48,2025-01-26-13-23-03/SITE186_ORNT275_VIS6mi.png,6.0,1.0
SITE186,48,2024-10-10-15-17-15/SITE186_ORNT275_VIS7mi.png,7.0,7.0
SITE186,48,2025-04-01-16-59-16/SITE186_ORNT12_VIS7mi.png,7.0,10.0
SITE186,48,2024-08-10-09-44-28/SITE186_ORNT275_VIS1-25mi.png,1.0,1.0
SITE186,48,2025-03-06-15-10-58/SITE186_ORNT275_VIS3mi.png,3.0,7.0
SITE186,48,2025-01-15-15-33-17/SITE186_ORNT275_VIS1-75mi.png,1.0,7.0
SITE186,48,2024-09-07-13-37-18/SITE186_ORNT275_VIS7mi.png,7.0,7.0
SITE186,48,2025-01-28-16-10-28/SITE186_ORNT217_VIS8mi.png,8.0,7.0
SITE186,48,2025-04-02-15-05-32/SITE186_ORNT12_VIS10+mi.png,10.0,10.0
SITE186,48,2024-09-15-16-06-51/SITE186_ORNT275_VIS5mi.png,5.0,5.0
SITE186,48,2025-01-31-13-49-43/SITE186_ORNT110_VIS10+mi.png,10.0,10.0
SITE186,48,2024-07-30-14-06-06/SITE186_ORNT110_VIS2-5mi.png,2.0,5.0
SITE186,48,2024-06-22-10-56-07/SITE186_ORNT275_VIS7mi.png,7.0,7.0
SITE186,48,2024-07-14-13-28-24/SITE186_ORNT275_VIS5mi.png,5.0,1.0
SITE19,126,2024-12-17-16-15-56/SITE19_ORNT60_VIS10+mi.png,10.0,10.0
SITE19,126,2025-01-28-16-10-28/SITE19_ORNT325_VIS4mi.png,4.0,10.0
SITE19,126,2024-07-14-13-28-24/SITE19_ORNT325_VIS5mi.png,5.0,2.0
SITE19,126,2024-06-17-10-37-40/SITE19_ORNT325_VIS5mi.png,5.0,5.0
SITE19,126,2025-02-17-14-46-26/SITE19_ORNT325_VIS1-75mi.png,1.0,1.0
SITE19,126,2024-07-07-15-01-32/SITE19_ORNT170_VIS4mi.png,4.0,5.0
SITE19,126,2024-08-01-10-54-34/SITE19_ORNT170_VIS5mi.png,5.0,4.0
SITE19,126,2024-07-30-16-52-29/SITE19_ORNT60_VIS4mi.png,4.0,6.0
SITE19,126,2024-06-18-18-07-05/SITE19_ORNT325_VIS5mi.png,5.0,4.0
SITE19,126,2024-07-23-10-10-08/SITE19_ORNT260_VIS5mi.png,5.0,5.0
SITE19,126,2024-07-25-18-03-52/SITE19_ORNT170_VIS2-5mi.png,2.0,2.0
SITE19,126,2024-06-20-11-19-17/SITE19_ORNT260_VIS6mi.png,6.0,4.0
SITE19,126,2024-06-29-10-50-12/SITE19_ORNT170_VIS6mi.png,6.0,5.0
SITE19,126,2024-07-22-20-17-56/SITE19_ORNT60_VIS5mi.png,5.0,5.0
SITE19,126,2024-07-05-14-33-31/SITE19_ORNT170_VIS4mi.png,4.0,4.0
SITE19,126,2024-07-07-11-04-33/SITE19_ORNT170_VIS4mi.png,4.0,5.0
SITE19,126,2024-06-17-19-22-23/SITE19_ORNT260_VIS5mi.png,5.0,5.0
SITE19,126,2024-06-27-10-23-10/SITE19_ORNT60_VIS7mi.png,7.0,4.0
SITE19,126,2024-07-18-11-32-15/SITE19_ORNT325_VIS5mi.png,5.0,4.0
SITE19,126,2024-06-29-15-18-41/SITE19_ORNT60_VIS6mi.png,6.0,4.0
SITE19,126,2025-02-17-14-46-26/SITE19_ORNT170_VIS1-75mi.png,1.0,1.0
SITE19,126,2024-08-02-13-37-25/SITE19_ORNT60_VIS4mi.png,4.0,4.0
SITE19,126,2025-03-01-18-07-41/SITE19_ORNT260_VIS3mi.png,3.0,1.0
SITE19,126,2024-06-28-13-30-05/SITE19_ORNT260_VIS7mi.png,7.0,4.0
SITE19,126,2024-09-08-16-00-24/SITE19_ORNT325_VIS4mi.png,4.0,4.0
SITE19,126,2024-08-02-13-37-25/SITE19_ORNT260_VIS4mi.png,4.0,4.0
SITE19,126,2024-06-10-18-34-10/SITE19_ORNT170_VIS7mi.png,7.0,5.0
SITE19,126,2025-01-23-15-05-27/SITE19_ORNT60_VIS3mi.png,3.0,5.0
SITE19,126,2024-07-02-10-19-43/SITE19_ORNT325_VIS6mi.png,6.0,5.0
SITE19,126,2024-06-17-10-37-40/SITE19_ORNT260_VIS5mi.png,5.0,5.0
SITE19,126,2024-06-29-15-18-41/SITE19_ORNT325_VIS6mi.png,6.0,4.0
SITE19,126,2024-07-28-19-40-21/SITE19_ORNT260_VIS2-5mi.png,2.0,4.0
SITE19,126,2024-09-08-13-07-06/SITE19_ORNT325_VIS1-5mi.png,1.0,2.0
SITE19,126,2024-07-25-18-03-52/SITE19_ORNT325_VIS2-5mi.png,2.0,4.0
SITE193,39,2024-07-07-11-04-33/SITE193_ORNT5_VIS1mi.png,1.0,8.0
SITE193,39,2025-02-17-14-46-26/SITE193_ORNT240_VIS8mi.png,8.0,10.0
SITE193,39,2025-03-15-15-41-34/SITE193_ORNT295_VIS10+mi.png,10.0,10.0
SITE193,39,2025-01-17-15-10-02/SITE193_ORNT240_VIS1-75mi.png,1.0,1.0
SITE193,39,2025-01-15-15-33-17/SITE193_ORNT80_VIS2mi.png,2.0,3.0
SITE193,39,2025-02-01-17-30-02/SITE193_ORNT5_VIS3mi.png,3.0,4.0
SITE193,39,2025-03-31-15-41-11/SITE193_ORNT295_VIS6mi.png,6.0,1.0
SITE193,39,2024-07-05-10-36-13/SITE193_ORNT295_VIS3mi.png,3.0,5.0
SITE193,39,2024-12-24-15-14-57/SITE193_ORNT295_VIS4mi.png,4.0,1.0
SITE193,39,2025-01-23-15-05-27/SITE193_ORNT240_VIS1-5mi.png,1.0,4.0
SITE193,39,2025-02-05-13-59-56/SITE193_ORNT240_VIS1-25mi.png,1.0,1.0
SITE193,39,2024-07-05-14-33-31/SITE193_ORNT295_VIS5mi.png,5.0,5.0
SITE194,45,2024-07-14-16-38-50/SITE194_ORNT145_VIS4mi.png,4.0,6.0
SITE194,45,2024-07-14-10-21-23/SITE194_ORNT237_VIS1-5mi.png,1.0,1.0
SITE194,45,2024-07-02-16-22-41/SITE194_ORNT145_VIS8mi.png,8.0,6.0
SITE194,45,2025-03-23-13-51-54/SITE194_ORNT237_VIS8mi.png,8.0,8.0
SITE194,45,2025-03-23-13-51-54/SITE194_ORNT194_VIS8mi.png,8.0,8.0
SITE194,45,2024-08-24-13-47-04/SITE194_ORNT237_VIS7mi.png,7.0,6.0
SITE194,45,2024-08-16-20-03-50/SITE194_ORNT65_VIS6mi.png,6.0,8.0
SITE194,45,2024-07-29-16-41-43/SITE194_ORNT237_VIS6mi.png,6.0,6.0
SITE194,45,2025-03-01-18-07-41/SITE194_ORNT145_VIS8mi.png,8.0,8.0
SITE194,45,2025-04-02-15-05-32/SITE194_ORNT65_VIS5mi.png,5.0,8.0
SITE194,45,2025-03-02-13-12-40/SITE194_ORNT237_VIS6mi.png,6.0,8.0
SITE194,45,2024-07-14-16-38-50/SITE194_ORNT194_VIS4mi.png,4.0,6.0
SITE194,45,2024-07-26-10-22-16/SITE194_ORNT194_VIS3mi.png,3.0,6.0
SITE194,45,2025-02-01-17-30-02/SITE194_ORNT194_VIS5mi.png,5.0,8.0
SITE194,45,2025-04-22-15-39-35/SITE194_ORNT65_VIS6mi.png,6.0,8.0
SITE198,36,2024-06-07-11-09-12/SITE198_ORNT125_VIS2-5mi.png,2.0,1.0
SITE198,36,2024-07-02-16-22-41/SITE198_ORNT125_VIS1-75mi.png,1.0,1.0
SITE198,36,2024-07-20-15-11-13/SITE198_ORNT20_VIS6mi.png,6.0,6.0
SITE198,36,2024-07-04-10-22-12/SITE198_ORNT80_VIS3mi.png,3.0,1.0
SITE198,36,2024-08-18-13-20-24/SITE198_ORNT20_VIS2mi.png,2.0,1.0
SITE198,36,2024-07-04-10-22-12/SITE198_ORNT248_VIS3mi.png,3.0,1.0
SITE198,36,2024-07-14-13-28-24/SITE198_ORNT248_VIS4mi.png,4.0,1.0
SITE198,36,2025-03-11-17-13-52/SITE198_ORNT248_VIS8mi.png,8.0,2.0
SITE198,36,2024-07-07-20-11-04/SITE198_ORNT20_VIS1-5mi.png,1.0,1.0
SITE198,36,2025-03-23-13-51-54/SITE198_ORNT125_VIS1-5mi.png,1.0,1.0
SITE198,36,2024-06-06-10-38-22/SITE198_ORNT248_VIS6mi.png,6.0,6.0
SITE198,36,2024-06-18-18-07-05/SITE198_ORNT248_VIS1mi.png,1.0,1.0
SITE198,36,2024-10-13-15-24-41/SITE198_ORNT20_VIS5mi.png,5.0,7.0
SITE198,36,2025-03-29-15-28-57/SITE198_ORNT80_VIS1-25mi.png,1.0,1.0
SITE20,21,2025-04-02-15-05-32/SITE20_ORNT285_VIS10+mi.png,10.0,3.0
SITE20,21,2024-07-04-10-22-12/SITE20_ORNT285_VIS5mi.png,5.0,3.0
SITE20,21,2024-05-09-16-15-37/SITE20_ORNT26_VIS3mi.png,3.0,5.0
SITE20,21,2024-09-18-18-13-42/SITE20_ORNT285_VIS4mi.png,4.0,5.0
SITE20,21,2024-12-24-15-14-57/SITE20_ORNT285_VIS2mi.png,2.0,1.0
SITE20,21,2024-05-09-16-15-37/SITE20_ORNT285_VIS3mi.png,3.0,2.0
SITE20,21,2025-01-17-15-10-02/SITE20_ORNT26_VIS1-75mi.png,1.0,3.0
SITE20,21,2024-07-04-10-22-12/SITE20_ORNT26_VIS5mi.png,5.0,5.0
SITE20,21,2024-07-22-20-17-56/SITE20_ORNT114_VIS1-5mi.png,1.0,1.0
SITE20,21,2025-04-01-16-59-16/SITE20_ORNT114_VIS8mi.png,8.0,5.0
SITE203,89,2024-08-29-14-11-27/SITE203_ORNT220_VIS2-5mi.png,2.0,2.0
SITE203,89,2024-06-29-10-50-12/SITE203_ORNT335_VIS3mi.png,3.0,6.0
SITE203,89,2025-01-17-15-10-02/SITE203_ORNT335_VIS5mi.png,5.0,6.0
SITE203,89,2024-08-26-16-02-03/SITE203_ORNT70_VIS4mi.png,4.0,1.0
SITE203,89,2024-08-16-20-03-50/SITE203_ORNT220_VIS7mi.png,7.0,8.0
SITE203,89,2024-08-02-20-27-22/SITE203_ORNT220_VIS8mi.png,8.0,8.0
SITE203,89,2024-05-03-12-14-06/SITE203_ORNT335_VIS3mi.png,3.0,1.0
SITE203,89,2025-03-02-13-12-40/SITE203_ORNT220_VIS6mi.png,6.0,8.0
SITE203,89,2024-05-13-18-48-49/SITE203_ORNT335_VIS6mi.png,6.0,8.0
SITE203,89,2024-07-02-16-22-41/SITE203_ORNT220_VIS9mi.png,9.0,9.0
SITE203,89,2024-06-07-11-09-12/SITE203_ORNT70_VIS9mi.png,9.0,8.0
SITE203,89,2024-06-15-10-59-58/SITE203_ORNT220_VIS8mi.png,8.0,8.0
SITE203,89,2025-01-17-15-10-02/SITE203_ORNT70_VIS5mi.png,5.0,7.0
SITE203,89,2024-10-11-15-41-13/SITE203_ORNT155_VIS1-75mi.png,1.0,1.0
SITE203,89,2024-09-20-16-20-08/SITE203_ORNT220_VIS8mi.png,8.0,8.0
SITE203,89,2025-03-26-12-24-08/SITE203_ORNT155_VIS10+mi.png,10.0,8.0
SITE203,89,2024-07-14-13-28-24/SITE203_ORNT220_VIS8mi.png,8.0,6.0
SITE203,89,2024-07-30-16-52-29/SITE203_ORNT70_VIS8mi.png,8.0,8.0
SITE203,89,2025-04-22-15-39-35/SITE203_ORNT155_VIS8mi.png,8.0,8.0
SITE203,89,2024-10-11-15-41-13/SITE203_ORNT220_VIS1-75mi.png,1.0,1.0
SITE203,89,2024-07-25-10-00-39/SITE203_ORNT70_VIS5mi.png,5.0,5.0
SITE203,89,2024-08-15-16-44-48/SITE203_ORNT70_VIS1-25mi.png,1.0,1.0
SITE203,89,2024-07-04-10-22-12/SITE203_ORNT220_VIS8mi.png,8.0,8.0
SITE203,89,2024-06-06-10-38-22/SITE203_ORNT335_VIS4mi.png,4.0,6.0
SITE203,89,2024-06-09-10-51-06/SITE203_ORNT335_VIS2-5mi.png,2.0,1.0
SITE203,89,2024-05-23-15-19-49/SITE203_ORNT335_VIS2mi.png,2.0,1.0
SITE203,89,2025-02-11-14-30-47/SITE203_ORNT335_VIS7mi.png,7.0,1.0
SITE203,89,2025-03-31-15-41-11/SITE203_ORNT155_VIS6mi.png,6.0,8.0
SITE205,55,2024-05-27-19-19-47/SITE205_ORNT165_VIS3mi.png,3.0,3.0
SITE205,55,2025-04-01-16-59-16/SITE205_ORNT100_VIS1mi.png,1.0,1.0
SITE205,55,2024-05-03-12-14-06/SITE205_ORNT230_VIS2mi.png,2.0,2.0
SITE205,55,2025-02-16-12-49-10/SITE205_ORNT230_VIS5mi.png,5.0,3.0
SITE205,55,2025-04-14-19-44-02/SITE205_ORNT100_VIS3mi.png,3.0,1.0
SITE205,55,2025-02-11-14-30-47/SITE205_ORNT305_VIS10+mi.png,10.0,1.0
SITE205,55,2025-02-01-17-30-02/SITE205_ORNT230_VIS1-25mi.png,1.0,3.0
SITE205,55,2024-06-06-10-38-22/SITE205_ORNT165_VIS4mi.png,4.0,4.0
SITE205,55,2025-03-31-15-41-11/SITE205_ORNT305_VIS6mi.png,6.0,6.0
SITE205,55,2024-07-26-10-22-16/SITE205_ORNT230_VIS3mi.png,3.0,7.0
SITE205,55,2025-03-23-13-51-54/SITE205_ORNT305_VIS5mi.png,5.0,1.0
SITE205,55,2024-06-06-10-38-22/SITE205_ORNT305_VIS4mi.png,4.0,6.0
SITE205,55,2025-04-07-16-10-10/SITE205_ORNT165_VIS8mi.png,8.0,6.0
SITE205,55,2024-07-29-16-41-43/SITE205_ORNT305_VIS7mi.png,7.0,6.0
SITE205,55,2025-03-31-15-41-11/SITE205_ORNT230_VIS6mi.png,6.0,6.0
SITE205,55,2025-03-15-15-41-34/SITE205_ORNT305_VIS1-75mi.png,1.0,1.0
SITE205,55,2024-06-15-10-59-58/SITE205_ORNT230_VIS1-75mi.png,1.0,1.0
SITE205,55,2025-01-26-15-53-06/SITE205_ORNT305_VIS6mi.png,6.0,3.0
SITE205,55,2024-07-29-16-41-43/SITE205_ORNT230_VIS7mi.png,7.0,4.0
SITE205,55,2024-07-04-10-22-12/SITE205_ORNT230_VIS2-5mi.png,2.0,2.0
SITE207,27,2025-01-31-13-49-43/SITE207_ORNT235_VIS2-5mi.png,2.0,3.0
SITE207,27,2025-03-01-18-07-41/SITE207_ORNT120_VIS2mi.png,2.0,3.0
SITE207,27,2025-02-15-16-53-20/SITE207_ORNT120_VIS3mi.png,3.0,3.0
SITE207,27,2025-02-05-13-59-56/SITE207_ORNT170_VIS1mi.png,1.0,2.0
SITE207,27,2025-03-05-12-08-53/SITE207_ORNT235_VIS3mi.png,3.0,1.0
SITE207,27,2025-03-04-14-20-15/SITE207_ORNT75_VIS1-75mi.png,1.0,2.0
SITE207,27,2025-03-06-15-10-58/SITE207_ORNT75_VIS4mi.png,4.0,3.0
SITE207,27,2025-01-17-15-10-02/SITE207_ORNT75_VIS2mi.png,2.0,3.0
SITE207,27,2025-03-23-13-51-54/SITE207_ORNT75_VIS3mi.png,3.0,3.0
SITE207,27,2025-03-26-14-35-40/SITE207_ORNT235_VIS8mi.png,8.0,8.0
SITE207,27,2025-03-02-13-12-40/SITE207_ORNT235_VIS6mi.png,6.0,3.0
SITE208,33,2024-08-01-13-32-05/SITE208_ORNT223_VIS5mi.png,5.0,4.0
SITE208,33,2024-07-05-10-36-13/SITE208_ORNT330_VIS2-5mi.png,2.0,4.0
SITE208,33,2024-12-23-15-38-40/SITE208_ORNT18_VIS4mi.png,4.0,2.0
SITE208,33,2025-02-05-13-59-56/SITE208_ORNT18_VIS1mi.png,1.0,1.0
SITE208,33,2025-01-28-16-10-28/SITE208_ORNT18_VIS8mi.png,8.0,8.0
SITE208,33,2024-09-07-13-37-18/SITE208_ORNT223_VIS6mi.png,6.0,5.0
SITE208,33,2025-01-26-15-53-06/SITE208_ORNT18_VIS1-75mi.png,1.0,1.0
SITE208,33,2025-03-31-15-41-11/SITE208_ORNT330_VIS7mi.png,7.0,8.0
SITE208,33,2025-04-11-14-52-32/SITE208_ORNT270_VIS10+mi.png,10.0,10.0
SITE208,33,2025-01-31-13-49-43/SITE208_ORNT270_VIS1-5mi.png,1.0,1.0
SITE208,33,2024-08-16-20-03-50/SITE208_ORNT18_VIS4mi.png,4.0,7.0
SITE208,33,2025-02-19-12-18-05/SITE208_ORNT18_VIS8mi.png,8.0,8.0
SITE209,14,2024-09-07-13-37-18/SITE209_ORNT335_VIS6mi.png,6.0,6.0
SITE209,14,2024-06-14-14-13-33/SITE209_ORNT100_VIS4mi.png,4.0,4.0
SITE209,14,2025-01-26-15-53-06/SITE209_ORNT150_VIS8mi.png,8.0,5.0
SITE209,14,2024-07-02-10-19-43/SITE209_ORNT335_VIS3mi.png,3.0,1.0
SITE209,14,2025-01-28-16-10-28/SITE209_ORNT260_VIS5mi.png,5.0,8.0
SITE209,14,2025-03-02-13-12-40/SITE209_ORNT335_VIS9mi.png,9.0,9.0
SITE21,39,2024-07-05-10-36-13/SITE21_ORNT225_VIS3mi.png,3.0,2.0
SITE21,39,2024-07-28-13-48-26/SITE21_ORNT225_VIS4mi.png,4.0,2.0
SITE21,39,2024-06-03-13-44-33/SITE21_ORNT10_VIS4mi.png,4.0,10.0
SITE21,39,2024-09-08-13-07-06/SITE21_ORNT10_VIS2mi.png,2.0,3.0
SITE21,39,2024-07-25-18-03-52/SITE21_ORNT125_VIS5mi.png,5.0,2.0
SITE21,39,2024-05-07-15-42-07/SITE21_ORNT225_VIS2mi.png,2.0,2.0
SITE21,39,2024-07-25-18-03-52/SITE21_ORNT225_VIS5mi.png,5.0,3.0
SITE21,39,2025-03-31-13-29-12/SITE21_ORNT10_VIS10+mi.png,10.0,10.0
SITE21,39,2025-03-15-15-41-34/SITE21_ORNT280_VIS10+mi.png,10.0,10.0
SITE21,39,2024-09-08-13-07-06/SITE21_ORNT125_VIS2mi.png,2.0,2.0
SITE21,39,2025-03-23-13-51-54/SITE21_ORNT225_VIS1-75mi.png,1.0,1.0
SITE21,39,2024-08-15-16-44-48/SITE21_ORNT125_VIS3mi.png,3.0,2.0
SITE21,39,2025-02-04-15-47-48/SITE21_ORNT10_VIS7mi.png,7.0,7.0
SITE212,17,2025-02-14-15-24-27/SITE212_ORNT80_VIS6mi.png,6.0,6.0
SITE212,17,2024-05-07-15-42-07/SITE212_ORNT270_VIS6mi.png,6.0,9.0
SITE212,17,2025-02-01-17-30-02/SITE212_ORNT170_VIS2-5mi.png,2.0,2.0
SITE212,17,2025-03-04-14-20-15/SITE212_ORNT170_VIS9mi.png,9.0,9.0
SITE212,17,2025-04-11-14-52-32/SITE212_ORNT170_VIS10+mi.png,10.0,10.0
SITE212,17,2025-03-01-18-07-41/SITE212_ORNT12_VIS2mi.png,2.0,2.0
SITE212,17,2025-02-15-15-20-00/SITE212_ORNT270_VIS5mi.png,5.0,10.0
SITE212,17,2025-01-31-13-49-43/SITE212_ORNT270_VIS8mi.png,8.0,2.0
SITE215,97,2024-07-27-10-27-08/SITE215_ORNT130_VIS1mi.png,1.0,1.0
SITE215,97,2024-08-18-13-20-24/SITE215_ORNT235_VIS6mi.png,6.0,8.0
SITE215,97,2024-10-06-14-34-22/SITE215_ORNT330_VIS8mi.png,8.0,8.0
SITE215,97,2025-01-26-15-53-06/SITE215_ORNT40_VIS8mi.png,8.0,8.0
SITE215,97,2024-09-15-16-06-51/SITE215_ORNT330_VIS1-5mi.png,1.0,1.0
SITE215,97,2025-01-28-16-10-28/SITE215_ORNT40_VIS5mi.png,5.0,8.0
SITE215,97,2025-01-17-15-10-02/SITE215_ORNT330_VIS2mi.png,2.0,8.0
SITE215,97,2024-09-08-16-00-24/SITE215_ORNT235_VIS5mi.png,5.0,8.0
SITE215,97,2024-08-30-17-21-54/SITE215_ORNT330_VIS6mi.png,6.0,8.0
SITE215,97,2024-07-28-19-40-21/SITE215_ORNT235_VIS4mi.png,4.0,8.0
SITE215,97,2024-09-29-15-43-38/SITE215_ORNT330_VIS9mi.png,9.0,8.0
SITE215,97,2025-01-15-15-33-17/SITE215_ORNT40_VIS6mi.png,6.0,8.0
SITE215,97,2024-07-27-10-27-08/SITE215_ORNT330_VIS1mi.png,1.0,1.0
SITE215,97,2024-07-28-13-48-26/SITE215_ORNT330_VIS7mi.png,7.0,8.0
SITE215,97,2024-07-22-11-13-59/SITE215_ORNT235_VIS8mi.png,8.0,8.0
SITE215,97,2024-08-29-14-11-27/SITE215_ORNT330_VIS3mi.png,3.0,8.0
SITE215,97,2024-06-17-10-37-40/SITE215_ORNT330_VIS8mi.png,8.0,8.0
SITE215,97,2025-03-06-15-10-58/SITE215_ORNT130_VIS6mi.png,6.0,8.0
SITE215,97,2024-05-31-15-13-16/SITE215_ORNT235_VIS8mi.png,8.0,9.0
SITE215,97,2025-03-29-15-28-57/SITE215_ORNT130_VIS4mi.png,4.0,8.0
SITE215,97,2024-10-06-17-04-59/SITE215_ORNT235_VIS8mi.png,8.0,8.0
SITE215,97,2024-07-29-17-46-25/SITE215_ORNT330_VIS8mi.png,8.0,8.0
SITE215,97,2025-04-14-19-44-02/SITE215_ORNT40_VIS8mi.png,8.0,8.0
SITE215,97,2025-03-01-18-07-41/SITE215_ORNT130_VIS1-75mi.png,1.0,8.0
SITE215,97,2025-04-10-17-56-44/SITE215_ORNT130_VIS8mi.png,8.0,8.0
SITE215,97,2024-09-07-11-42-21/SITE215_ORNT330_VIS8mi.png,8.0,8.0
SITE215,97,2025-03-23-13-51-54/SITE215_ORNT330_VIS1-75mi.png,1.0,1.0
SITE215,97,2024-08-02-20-27-22/SITE215_ORNT330_VIS1-25mi.png,1.0,1.0
SITE215,97,2024-08-01-10-54-34/SITE215_ORNT235_VIS2mi.png,2.0,1.0
SITE215,97,2024-08-31-14-30-34/SITE215_ORNT235_VIS7mi.png,7.0,8.0
SITE217,34,2025-04-02-15-05-32/SITE217_ORNT150_VIS4mi.png,4.0,4.0
SITE217,34,2025-03-02-13-12-40/SITE217_ORNT25_VIS3mi.png,3.0,4.0
SITE217,34,2025-04-11-14-52-32/SITE217_ORNT25_VIS6mi.png,6.0,3.0
SITE217,34,2024-07-05-10-36-13/SITE217_ORNT250_VIS1-5mi.png,1.0,1.0
SITE217,34,2024-07-05-10-36-13/SITE217_ORNT150_VIS1-5mi.png,1.0,1.0
SITE217,34,2025-03-31-15-41-11/SITE217_ORNT150_VIS3mi.png,3.0,1.0
SITE217,34,2025-03-23-13-51-54/SITE217_ORNT250_VIS4mi.png,4.0,1.0
SITE217,34,2024-07-04-10-22-12/SITE217_ORNT150_VIS2mi.png,2.0,1.0
SITE217,34,2025-03-29-15-28-57/SITE217_ORNT150_VIS1mi.png,1.0,1.0
SITE217,34,2025-03-26-12-24-08/SITE217_ORNT150_VIS10+mi.png,10.0,10.0
SITE217,34,2025-04-10-17-56-44/SITE217_ORNT25_VIS8mi.png,8.0,8.0
SITE217,34,2025-03-04-14-20-15/SITE217_ORNT150_VIS1-25mi.png,1.0,1.0
SITE217,34,2024-07-05-14-33-31/SITE217_ORNT150_VIS2mi.png,2.0,4.0
SITE217,34,2024-09-15-16-06-51/SITE217_ORNT25_VIS5mi.png,5.0,2.0
SITE219,38,2024-07-23-10-10-08/SITE219_ORNT264_VIS8mi.png,8.0,8.0
SITE219,38,2024-07-14-13-28-24/SITE219_ORNT264_VIS8mi.png,8.0,8.0
SITE219,38,2024-08-19-10-27-18/SITE219_ORNT344_VIS7mi.png,7.0,5.0
SITE219,38,2024-08-01-10-54-34/SITE219_ORNT344_VIS2-5mi.png,2.0,2.0
SITE219,38,2024-08-01-10-54-34/SITE219_ORNT70_VIS2-5mi.png,2.0,2.0
SITE219,38,2025-02-11-14-30-47/SITE219_ORNT344_VIS10+mi.png,10.0,10.0
SITE219,38,2025-02-14-15-24-27/SITE219_ORNT160_VIS3mi.png,3.0,5.0
SITE219,38,2025-02-14-15-24-27/SITE219_ORNT344_VIS3mi.png,3.0,3.0
SITE219,38,2024-05-21-12-02-34/SITE219_ORNT160_VIS5mi.png,5.0,8.0
SITE219,38,2024-12-24-15-14-57/SITE219_ORNT160_VIS3mi.png,3.0,8.0
SITE219,38,2025-03-01-18-07-41/SITE219_ORNT264_VIS5mi.png,5.0,3.0
SITE219,38,2025-03-01-18-07-41/SITE219_ORNT70_VIS5mi.png,5.0,3.0
SITE219,38,2024-08-16-20-03-50/SITE219_ORNT344_VIS2mi.png,2.0,2.0
SITE22,188,2025-04-10-17-56-44/SITE22_ORNT0_VIS6mi.png,6.0,6.0
SITE22,188,2024-05-27-19-19-47/SITE22_ORNT190_VIS7mi.png,7.0,7.0
SITE22,188,2024-10-10-15-17-15/SITE22_ORNT190_VIS7mi.png,7.0,7.0
SITE22,188,2025-02-15-16-53-20/SITE22_ORNT100_VIS6mi.png,6.0,6.0
SITE22,188,2025-02-16-12-49-10/SITE22_ORNT0_VIS7mi.png,7.0,6.0
SITE22,188,2024-06-01-16-58-02/SITE22_ORNT190_VIS8mi.png,8.0,7.0
SITE22,188,2024-08-16-20-03-50/SITE22_ORNT285_VIS6mi.png,6.0,6.0
SITE22,188,2024-07-28-11-17-19/SITE22_ORNT285_VIS5mi.png,5.0,2.0
SITE22,188,2024-08-15-16-44-48/SITE22_ORNT285_VIS2-5mi.png,2.0,2.0
SITE22,188,2024-08-12-20-17-35/SITE22_ORNT0_VIS6mi.png,6.0,6.0
SITE22,188,2024-07-23-13-08-12/SITE22_ORNT100_VIS5mi.png,5.0,6.0
SITE22,188,2025-03-06-15-10-58/SITE22_ORNT0_VIS6mi.png,6.0,6.0
SITE22,188,2024-09-19-14-23-02/SITE22_ORNT0_VIS6mi.png,6.0,6.0
SITE22,188,2025-03-31-15-41-11/SITE22_ORNT190_VIS6mi.png,6.0,7.0
SITE22,188,2024-06-27-13-32-21/SITE22_ORNT285_VIS7mi.png,7.0,6.0
SITE22,188,2024-09-08-16-00-24/SITE22_ORNT0_VIS2mi.png,2.0,2.0
SITE22,188,2024-07-23-13-08-12/SITE22_ORNT285_VIS5mi.png,5.0,6.0
SITE22,188,2024-08-15-16-44-48/SITE22_ORNT100_VIS2-5mi.png,2.0,2.0
SITE22,188,2025-03-17-19-09-03/SITE22_ORNT0_VIS6mi.png,6.0,6.0
SITE22,188,2024-06-16-15-28-51/SITE22_ORNT100_VIS7mi.png,7.0,6.0
SITE22,188,2024-07-29-16-41-43/SITE22_ORNT285_VIS4mi.png,4.0,2.0
SITE22,188,2025-03-29-15-28-57/SITE22_ORNT190_VIS6mi.png,6.0,5.0
SITE22,188,2024-05-30-17-47-26/SITE22_ORNT190_VIS7mi.png,7.0,7.0
SITE22,188,2025-03-11-17-13-52/SITE22_ORNT190_VIS6mi.png,6.0,6.0
SITE22,188,2024-07-05-10-36-13/SITE22_ORNT190_VIS7mi.png,7.0,6.0
SITE22,188,2025-03-11-17-13-52/SITE22_ORNT285_VIS6mi.png,6.0,6.0
SITE22,188,2025-01-31-13-49-43/SITE22_ORNT285_VIS1mi.png,1.0,2.0
SITE22,188,2024-05-30-17-47-26/SITE22_ORNT100_VIS7mi.png,7.0,6.0
SITE22,188,2024-05-07-15-42-07/SITE22_ORNT285_VIS3mi.png,3.0,2.0
SITE22,188,2024-09-20-16-20-08/SITE22_ORNT0_VIS6mi.png,6.0,6.0
SITE22,188,2024-08-16-20-03-50/SITE22_ORNT0_VIS6mi.png,6.0,6.0
SITE22,188,2024-07-29-16-41-43/SITE22_ORNT100_VIS4mi.png,4.0,6.0
SITE22,188,2024-05-03-19-33-18/SITE22_ORNT100_VIS8mi.png,8.0,6.0
SITE22,188,2024-05-22-13-05-54/SITE22_ORNT190_VIS7mi.png,7.0,6.0
SITE22,188,2025-02-10-14-47-56/SITE22_ORNT190_VIS6mi.png,6.0,6.0
SITE22,188,2024-06-16-19-09-40/SITE22_ORNT0_VIS7mi.png,7.0,7.0
SITE22,188,2024-08-01-13-32-05/SITE22_ORNT285_VIS3mi.png,3.0,4.0
SITE22,188,2024-09-07-13-37-18/SITE22_ORNT190_VIS5mi.png,5.0,7.0
SITE22,188,2025-03-26-14-35-40/SITE22_ORNT190_VIS5mi.png,5.0,5.0
SITE22,188,2024-07-25-18-03-52/SITE22_ORNT190_VIS6mi.png,6.0,6.0
SITE22,188,2024-07-20-15-11-13/SITE22_ORNT0_VIS7mi.png,7.0,6.0
SITE22,188,2024-06-01-16-58-02/SITE22_ORNT285_VIS8mi.png,8.0,7.0
SITE22,188,2024-08-12-20-17-35/SITE22_ORNT190_VIS6mi.png,6.0,7.0
SITE22,188,2024-06-01-11-15-19/SITE22_ORNT285_VIS8mi.png,8.0,6.0
SITE22,188,2025-03-01-18-07-41/SITE22_ORNT100_VIS4mi.png,4.0,6.0
SITE22,188,2025-04-10-17-56-44/SITE22_ORNT100_VIS6mi.png,6.0,6.0
SITE22,188,2025-04-16-13-54-24/SITE22_ORNT190_VIS4mi.png,4.0,7.0
SITE22,188,2024-07-02-16-22-41/SITE22_ORNT285_VIS7mi.png,7.0,7.0
SITE22,188,2024-06-13-13-46-47/SITE22_ORNT0_VIS7mi.png,7.0,7.0
SITE22,188,2024-08-02-10-36-13/SITE22_ORNT190_VIS6mi.png,6.0,7.0
SITE22,188,2024-07-28-19-40-21/SITE22_ORNT190_VIS2mi.png,2.0,2.0
SITE22,188,2025-04-13-19-09-12/SITE22_ORNT100_VIS6mi.png,6.0,6.0
SITE229,28,2025-01-31-13-49-43/SITE229_ORNT80_VIS5mi.png,5.0,5.0
SITE229,28,2024-07-28-13-48-26/SITE229_ORNT329_VIS6mi.png,6.0,5.0
SITE229,28,2024-07-25-18-03-52/SITE229_ORNT80_VIS8mi.png,8.0,4.0
SITE229,28,2024-07-29-16-41-43/SITE229_ORNT329_VIS3mi.png,3.0,8.0
SITE229,28,2024-10-07-14-17-08/SITE229_ORNT329_VIS8mi.png,8.0,10.0
SITE229,28,2025-03-23-13-51-54/SITE229_ORNT80_VIS2-5mi.png,2.0,1.0
SITE229,28,2025-02-14-15-24-27/SITE229_ORNT202_VIS9mi.png,9.0,9.0
SITE229,28,2024-07-29-17-46-25/SITE229_ORNT18_VIS5mi.png,5.0,8.0
SITE229,28,2024-06-13-13-46-47/SITE229_ORNT18_VIS7mi.png,7.0,8.0
SITE229,28,2025-04-22-15-39-35/SITE229_ORNT202_VIS10+mi.png,10.0,10.0
SITE230,22,2025-03-17-19-09-03/SITE230_ORNT45_VIS3mi.png,3.0,10.0
SITE230,22,2025-01-31-13-49-43/SITE230_ORNT214_VIS2mi.png,2.0,2.0
SITE230,22,2025-04-02-15-05-32/SITE230_ORNT45_VIS1-75mi.png,1.0,1.0
SITE230,22,2025-04-13-19-09-12/SITE230_ORNT90_VIS10+mi.png,10.0,10.0
SITE230,22,2025-03-15-15-41-34/SITE230_ORNT90_VIS6mi.png,6.0,10.0
SITE230,22,2025-03-23-13-51-54/SITE230_ORNT45_VIS2-5mi.png,2.0,1.0
SITE230,22,2025-03-04-14-20-15/SITE230_ORNT214_VIS10+mi.png,10.0,10.0
SITE230,22,2024-06-06-10-38-22/SITE230_ORNT280_VIS7mi.png,7.0,6.0
SITE231,20,2025-02-14-15-24-27/SITE231_ORNT85_VIS8mi.png,8.0,8.0
SITE231,20,2025-01-26-15-53-06/SITE231_ORNT85_VIS2mi.png,2.0,1.0
SITE231,20,2025-04-22-15-39-35/SITE231_ORNT230_VIS10+mi.png,10.0,10.0
SITE231,20,2024-06-22-10-56-07/SITE231_ORNT230_VIS5mi.png,5.0,8.0
SITE231,20,2025-03-01-18-07-41/SITE231_ORNT230_VIS3mi.png,3.0,1.0
SITE231,20,2025-01-31-13-49-43/SITE231_ORNT230_VIS1-25mi.png,1.0,8.0
SITE231,20,2025-02-05-13-59-56/SITE231_ORNT145_VIS4mi.png,4.0,1.0
SITE234,25,2024-08-15-16-44-48/SITE234_ORNT260_VIS4mi.png,4.0,4.0
SITE234,25,2024-07-01-19-28-49/SITE234_ORNT350_VIS5mi.png,5.0,7.0
SITE234,25,2024-07-24-16-43-44/SITE234_ORNT350_VIS7mi.png,7.0,7.0
SITE234,25,2024-07-07-20-11-04/SITE234_ORNT304_VIS3mi.png,3.0,4.0
SITE234,25,2024-07-18-14-04-18/SITE234_ORNT350_VIS7mi.png,7.0,7.0
SITE234,25,2024-05-23-15-19-49/SITE234_ORNT260_VIS2mi.png,2.0,4.0
SITE234,25,2024-07-20-15-11-13/SITE234_ORNT350_VIS5mi.png,5.0,7.0
SITE234,25,2024-08-15-16-44-48/SITE234_ORNT117_VIS4mi.png,4.0,4.0
SITE239,36,2025-02-05-13-59-56/SITE239_ORNT202_VIS1-25mi.png,1.0,1.0
SITE239,36,2025-04-14-19-44-02/SITE239_ORNT202_VIS10+mi.png,10.0,9.0
SITE239,36,2024-08-01-13-32-05/SITE239_ORNT110_VIS7mi.png,7.0,4.0
SITE239,36,2024-07-05-14-33-31/SITE239_ORNT110_VIS1mi.png,1.0,2.0
SITE239,36,2024-08-01-10-54-34/SITE239_ORNT30_VIS2mi.png,2.0,2.0
SITE239,36,2025-01-23-15-05-27/SITE239_ORNT245_VIS3mi.png,3.0,2.0
SITE239,36,2024-07-01-19-28-49/SITE239_ORNT110_VIS1-5mi.png,1.0,7.0
SITE239,36,2025-03-06-15-10-58/SITE239_ORNT110_VIS3mi.png,3.0,7.0
SITE239,36,2024-07-04-10-22-12/SITE239_ORNT245_VIS4mi.png,4.0,2.0
SITE239,36,2024-07-14-16-38-50/SITE239_ORNT245_VIS8mi.png,8.0,4.0
SITE239,36,2024-08-01-10-54-34/SITE239_ORNT110_VIS2mi.png,2.0,4.0
SITE239,36,2024-07-04-10-22-12/SITE239_ORNT110_VIS4mi.png,4.0,4.0
SITE239,36,2025-01-31-13-49-43/SITE239_ORNT110_VIS1-75mi.png,1.0,1.0
SITE239,36,2024-06-21-15-35-27/SITE239_ORNT110_VIS7mi.png,7.0,7.0
SITE239,36,2024-06-14-14-13-33/SITE239_ORNT110_VIS6mi.png,6.0,7.0
SITE24,21,2024-07-25-18-03-52/SITE24_ORNT30_VIS6mi.png,6.0,4.0
SITE24,21,2024-10-13-15-24-41/SITE24_ORNT30_VIS7mi.png,7.0,4.0
SITE24,21,2025-02-01-17-30-02/SITE24_ORNT330_VIS6mi.png,6.0,4.0
SITE24,21,2024-09-07-13-37-18/SITE24_ORNT120_VIS3mi.png,3.0,4.0
SITE24,21,2025-04-01-16-59-16/SITE24_ORNT250_VIS4mi.png,4.0,4.0
SITE24,21,2025-03-02-13-12-40/SITE24_ORNT120_VIS1mi.png,1.0,4.0
SITE24,21,2024-08-01-10-54-34/SITE24_ORNT250_VIS4mi.png,4.0,7.0
SITE24,21,2024-07-05-10-36-13/SITE24_ORNT120_VIS2-5mi.png,2.0,4.0
SITE24,21,2025-03-11-17-13-52/SITE24_ORNT250_VIS10+mi.png,10.0,10.0
SITE240,30,2025-04-22-15-39-35/SITE240_ORNT286_VIS10+mi.png,10.0,10.0
SITE240,30,2024-07-27-10-27-08/SITE240_ORNT112_VIS1-5mi.png,1.0,1.0
SITE240,30,2025-01-23-15-05-27/SITE240_ORNT227_VIS6mi.png,6.0,6.0
SITE240,30,2024-07-29-16-41-43/SITE240_ORNT227_VIS7mi.png,7.0,8.0
SITE240,30,2024-08-01-10-54-34/SITE240_ORNT227_VIS8mi.png,8.0,2.0
SITE240,30,2025-03-31-13-29-12/SITE240_ORNT112_VIS1mi.png,1.0,1.0
SITE240,30,2025-01-31-13-49-43/SITE240_ORNT286_VIS2mi.png,2.0,2.0
SITE240,30,2024-07-05-14-33-31/SITE240_ORNT286_VIS5mi.png,5.0,2.0
SITE240,30,2025-04-01-16-59-16/SITE240_ORNT112_VIS2-5mi.png,2.0,1.0
SITE240,30,2025-03-29-15-28-57/SITE240_ORNT112_VIS4mi.png,4.0,1.0
SITE240,30,2025-03-01-18-07-41/SITE240_ORNT227_VIS1-75mi.png,1.0,1.0
SITE240,30,2025-04-01-16-59-16/SITE240_ORNT286_VIS2-5mi.png,2.0,2.0
SITE241,66,2024-08-01-10-54-34/SITE241_ORNT120_VIS8mi.png,8.0,7.0
SITE241,66,2025-04-10-17-56-44/SITE241_ORNT214_VIS9mi.png,9.0,9.0
SITE241,66,2024-06-16-19-09-40/SITE241_ORNT311_VIS7mi.png,7.0,8.0
SITE241,66,2025-04-22-15-39-35/SITE241_ORNT214_VIS8mi.png,8.0,8.0
SITE241,66,2025-04-22-15-39-35/SITE241_ORNT120_VIS8mi.png,8.0,8.0
SITE241,66,2025-01-31-13-49-43/SITE241_ORNT214_VIS4mi.png,4.0,2.0
SITE241,66,2024-08-18-13-20-24/SITE241_ORNT34_VIS4mi.png,4.0,7.0
SITE241,66,2025-02-05-13-59-56/SITE241_ORNT311_VIS1-25mi.png,1.0,1.0
SITE241,66,2024-07-18-14-04-18/SITE241_ORNT34_VIS8mi.png,8.0,7.0
SITE241,66,2025-03-02-13-12-40/SITE241_ORNT214_VIS8mi.png,8.0,8.0
SITE241,66,2025-03-01-18-07-41/SITE241_ORNT214_VIS2-5mi.png,2.0,8.0
SITE241,66,2024-08-02-10-36-13/SITE241_ORNT34_VIS7mi.png,7.0,7.0
SITE241,66,2025-03-31-15-41-11/SITE241_ORNT34_VIS1-25mi.png,1.0,1.0
SITE241,66,2025-03-04-14-20-15/SITE241_ORNT120_VIS5mi.png,5.0,8.0
SITE241,66,2025-02-17-14-46-26/SITE241_ORNT214_VIS1-5mi.png,1.0,1.0
SITE241,66,2024-07-14-16-38-50/SITE241_ORNT214_VIS7mi.png,7.0,8.0
SITE241,66,2024-07-04-10-22-12/SITE241_ORNT120_VIS6mi.png,6.0,1.0
SITE241,66,2024-10-11-15-41-13/SITE241_ORNT311_VIS10+mi.png,10.0,8.0
SITE241,66,2025-03-23-13-51-54/SITE241_ORNT214_VIS7mi.png,7.0,8.0
SITE241,66,2024-07-05-10-36-13/SITE241_ORNT34_VIS5mi.png,5.0,7.0
SITE241,66,2024-04-25-17-48-06/SITE241_ORNT214_VIS8mi.png,8.0,8.0
SITE241,66,2024-07-28-13-48-26/SITE241_ORNT311_VIS1-5mi.png,1.0,2.0
SITE241,66,2024-07-26-10-22-16/SITE241_ORNT311_VIS9mi.png,9.0,8.0
SITE244,26,2025-02-17-14-46-26/SITE244_ORNT3_VIS2mi.png,2.0,2.0
SITE244,26,2024-08-26-16-02-03/SITE244_ORNT240_VIS1-75mi.png,1.0,2.0
SITE244,26,2024-05-03-19-33-18/SITE244_ORNT240_VIS3mi.png,3.0,7.0
SITE244,26,2025-03-23-13-51-54/SITE244_ORNT50_VIS2mi.png,2.0,2.0
SITE244,26,2025-02-15-16-53-20/SITE244_ORNT240_VIS10+mi.png,10.0,10.0
SITE244,26,2024-04-25-17-48-06/SITE244_ORNT50_VIS5mi.png,5.0,4.0
SITE244,26,2024-07-25-18-03-52/SITE244_ORNT3_VIS7mi.png,7.0,7.0
SITE244,26,2025-01-23-15-05-27/SITE244_ORNT3_VIS4mi.png,4.0,7.0
SITE244,26,2024-12-23-15-38-40/SITE244_ORNT240_VIS10+mi.png,10.0,10.0
SITE245,29,2024-07-07-15-01-32/SITE245_ORNT299_VIS1-5mi.png,1.0,1.0
SITE245,29,2025-02-14-15-24-27/SITE245_ORNT299_VIS8mi.png,8.0,5.0
SITE245,29,2024-07-23-16-31-18/SITE245_ORNT299_VIS6mi.png,6.0,10.0
SITE245,29,2024-07-28-13-48-26/SITE245_ORNT11_VIS7mi.png,7.0,1.0
SITE245,29,2024-07-14-13-28-24/SITE245_ORNT11_VIS6mi.png,6.0,1.0
SITE245,29,2024-07-05-14-33-31/SITE245_ORNT227_VIS1-75mi.png,1.0,1.0
SITE245,29,2024-07-25-18-03-52/SITE245_ORNT132_VIS7mi.png,7.0,1.0
SITE245,29,2025-03-23-13-51-54/SITE245_ORNT299_VIS2-5mi.png,2.0,6.0
SITE245,29,2024-05-21-12-02-34/SITE245_ORNT227_VIS5mi.png,5.0,5.0
SITE245,29,2024-05-07-15-42-07/SITE245_ORNT132_VIS2mi.png,2.0,1.0
SITE245,29,2024-05-22-13-05-54/SITE245_ORNT132_VIS3mi.png,3.0,6.0
SITE245,29,2024-07-07-15-01-32/SITE245_ORNT11_VIS1-5mi.png,1.0,1.0
SITE245,29,2024-05-07-15-42-07/SITE245_ORNT227_VIS2mi.png,2.0,1.0
SITE245,29,2025-03-31-13-29-12/SITE245_ORNT227_VIS10+mi.png,10.0,10.0
SITE25,66,2025-02-19-12-18-05/SITE25_ORNT225_VIS6mi.png,6.0,6.0
SITE25,66,2024-07-28-13-48-26/SITE25_ORNT150_VIS7mi.png,7.0,6.0
SITE25,66,2025-02-27-11-22-46/SITE25_ORNT150_VIS5mi.png,5.0,5.0
SITE25,66,2025-03-17-19-09-03/SITE25_ORNT320_VIS8mi.png,8.0,5.0
SITE25,66,2025-02-01-12-44-07/SITE25_ORNT225_VIS6mi.png,6.0,6.0
SITE25,66,2024-10-06-12-31-10/SITE25_ORNT320_VIS2mi.png,2.0,5.0
SITE25,66,2025-01-28-16-10-28/SITE25_ORNT150_VIS5mi.png,5.0,6.0
SITE25,66,2024-08-10-09-44-28/SITE25_ORNT30_VIS2-5mi.png,2.0,2.0
SITE25,66,2025-03-02-11-48-27/SITE25_ORNT320_VIS6mi.png,6.0,6.0
SITE25,66,2024-09-19-16-37-08/SITE25_ORNT320_VIS5mi.png,5.0,6.0
SITE25,66,2024-07-02-10-19-43/SITE25_ORNT150_VIS8mi.png,8.0,6.0
SITE25,66,2025-03-17-19-09-03/SITE25_ORNT225_VIS8mi.png,8.0,8.0
SITE25,66,2024-09-20-16-20-08/SITE25_ORNT30_VIS4mi.png,4.0,5.0
SITE25,66,2024-08-30-10-00-55/SITE25_ORNT225_VIS5mi.png,5.0,6.0
SITE25,66,2025-04-01-16-59-16/SITE25_ORNT320_VIS10+mi.png,10.0,10.0
SITE25,66,2024-08-31-14-30-34/SITE25_ORNT30_VIS3mi.png,3.0,2.0
SITE25,66,2024-06-22-15-38-49/SITE25_ORNT320_VIS9mi.png,9.0,8.0
SITE25,66,2024-08-02-10-36-13/SITE25_ORNT225_VIS7mi.png,7.0,6.0
SITE25,66,2025-03-06-15-10-58/SITE25_ORNT225_VIS5mi.png,5.0,6.0
SITE25,66,2024-07-28-11-17-19/SITE25_ORNT320_VIS1-25mi.png,1.0,5.0
SITE25,66,2025-03-02-13-12-40/SITE25_ORNT30_VIS6mi.png,6.0,10.0
SITE25,66,2025-01-15-15-33-17/SITE25_ORNT225_VIS4mi.png,4.0,6.0
SITE25,66,2024-10-06-14-34-22/SITE25_ORNT320_VIS6mi.png,6.0,5.0
SITE251,25,2025-01-22-12-38-15/SITE251_ORNT335_VIS10+mi.png,10.0,10.0
SITE251,25,2025-03-26-14-35-40/SITE251_ORNT140_VIS3mi.png,3.0,10.0
SITE251,25,2024-07-07-15-01-32/SITE251_ORNT335_VIS5mi.png,5.0,10.0
SITE251,25,2025-01-29-12-01-12/SITE251_ORNT25_VIS6mi.png,6.0,5.0
SITE251,25,2025-03-03-11-33-30/SITE251_ORNT140_VIS1mi.png,1.0,4.0
SITE251,25,2024-12-23-15-38-40/SITE251_ORNT140_VIS4mi.png,4.0,4.0
SITE251,25,2024-08-31-14-30-34/SITE251_ORNT140_VIS5mi.png,5.0,5.0
SITE251,25,2024-08-02-10-36-13/SITE251_ORNT335_VIS4mi.png,4.0,4.0
SITE251,25,2024-05-23-15-19-49/SITE251_ORNT335_VIS8mi.png,8.0,5.0
SITE253,74,2024-12-24-15-14-57/SITE253_ORNT325_VIS4mi.png,4.0,8.0
SITE253,74,2024-08-24-10-27-52/SITE253_ORNT65_VIS6mi.png,6.0,8.0
SITE253,74,2024-07-14-10-21-23/SITE253_ORNT325_VIS2-5mi.png,2.0,2.0
SITE253,74,2024-09-18-18-13-42/SITE253_ORNT325_VIS3mi.png,3.0,8.0
SITE253,74,2025-04-13-19-09-12/SITE253_ORNT280_VIS5mi.png,5.0,7.0
SITE253,74,2024-08-24-10-27-52/SITE253_ORNT195_VIS6mi.png,6.0,8.0
SITE253,74,2024-06-20-14-40-34/SITE253_ORNT195_VIS5mi.png,5.0,8.0
SITE253,74,2025-03-02-11-48-27/SITE253_ORNT325_VIS1-75mi.png,1.0,7.0
SITE253,74,2024-05-07-15-42-07/SITE253_ORNT195_VIS7mi.png,7.0,7.0
SITE253,74,2024-05-08-14-34-39/SITE253_ORNT280_VIS8mi.png,8.0,7.0
SITE253,74,2024-05-27-19-19-47/SITE253_ORNT325_VIS8mi.png,8.0,8.0
SITE253,74,2024-08-19-19-34-52/SITE253_ORNT195_VIS2mi.png,2.0,1.0
SITE253,74,2024-10-10-15-17-15/SITE253_ORNT325_VIS6mi.png,6.0,7.0
SITE253,74,2024-08-24-13-47-04/SITE253_ORNT280_VIS9mi.png,9.0,8.0
SITE253,74,2024-07-25-10-00-39/SITE253_ORNT195_VIS7mi.png,7.0,8.0
SITE253,74,2024-08-19-19-34-52/SITE253_ORNT280_VIS2mi.png,2.0,2.0
SITE253,74,2024-06-23-11-02-14/SITE253_ORNT325_VIS8mi.png,8.0,8.0
SITE253,74,2024-06-10-14-33-22/SITE253_ORNT195_VIS7mi.png,7.0,8.0
SITE253,74,2025-01-29-12-01-12/SITE253_ORNT65_VIS5mi.png,5.0,8.0
SITE253,74,2024-09-19-16-37-08/SITE253_ORNT65_VIS8mi.png,8.0,7.0
SITE253,74,2024-05-23-15-19-49/SITE253_ORNT325_VIS1mi.png,1.0,2.0
SITE253,74,2024-08-29-14-11-27/SITE253_ORNT280_VIS7mi.png,7.0,7.0
SITE253,74,2024-09-08-16-00-24/SITE253_ORNT280_VIS7mi.png,7.0,7.0
SITE253,74,2024-08-31-14-30-34/SITE253_ORNT65_VIS3mi.png,3.0,7.0
SITE253,74,2025-02-04-15-47-48/SITE253_ORNT65_VIS10+mi.png,10.0,10.0
SITE256,15,2024-08-29-17-58-30/SITE256_ORNT175_VIS3mi.png,3.0,6.0
SITE256,15,2025-03-17-19-09-03/SITE256_ORNT175_VIS6mi.png,6.0,6.0
SITE256,15,2024-10-11-15-41-13/SITE256_ORNT175_VIS2-5mi.png,2.0,2.0
SITE256,15,2024-05-07-15-42-07/SITE256_ORNT345_VIS4mi.png,4.0,2.0
SITE256,15,2024-08-29-14-11-27/SITE256_ORNT175_VIS8mi.png,8.0,6.0
SITE258,26,2024-07-23-10-10-08/SITE258_ORNT170_VIS8mi.png,8.0,3.0
SITE258,26,2024-07-26-10-22-16/SITE258_ORNT170_VIS4mi.png,4.0,4.0
SITE258,26,2024-07-26-10-22-16/SITE258_ORNT25_VIS4mi.png,4.0,4.0
SITE258,26,2024-05-03-19-33-18/SITE258_ORNT170_VIS7mi.png,7.0,4.0
SITE258,26,2024-12-23-15-38-40/SITE258_ORNT170_VIS3mi.png,3.0,3.0
SITE258,26,2024-07-29-16-41-43/SITE258_ORNT325_VIS3mi.png,3.0,4.0
SITE258,26,2025-03-02-13-12-40/SITE258_ORNT125_VIS10+mi.png,10.0,4.0
SITE258,26,2024-10-13-15-24-41/SITE258_ORNT25_VIS6mi.png,6.0,8.0
SITE258,26,2024-07-22-20-17-56/SITE258_ORNT325_VIS5mi.png,5.0,4.0
SITE258,26,2024-09-08-16-00-24/SITE258_ORNT25_VIS8mi.png,8.0,8.0
SITE259,19,2025-01-31-13-49-43/SITE259_ORNT314_VIS10+mi.png,10.0,10.0
SITE259,19,2024-07-14-10-21-23/SITE259_ORNT59_VIS3mi.png,3.0,7.0
SITE259,19,2024-09-08-16-00-24/SITE259_ORNT205_VIS7mi.png,7.0,7.0
SITE259,19,2025-02-05-13-59-56/SITE259_ORNT314_VIS10+mi.png,10.0,10.0
SITE259,19,2024-07-26-10-22-16/SITE259_ORNT119_VIS5mi.png,5.0,7.0
SITE259,19,2024-12-29-16-00-12/SITE259_ORNT314_VIS1mi.png,1.0,1.0
SITE26,34,2025-04-01-16-59-16/SITE26_ORNT180_VIS4mi.png,4.0,2.0
SITE26,34,2024-07-07-15-01-32/SITE26_ORNT310_VIS1-5mi.png,1.0,2.0
SITE26,34,2024-07-23-16-31-18/SITE26_ORNT85_VIS8mi.png,8.0,8.0
SITE26,34,2024-05-13-18-48-49/SITE26_ORNT250_VIS6mi.png,6.0,8.0
SITE26,34,2025-03-31-13-29-12/SITE26_ORNT180_VIS3mi.png,3.0,2.0
SITE26,34,2024-07-26-10-22-16/SITE26_ORNT310_VIS4mi.png,4.0,4.0
SITE26,34,2025-03-01-18-07-41/SITE26_ORNT250_VIS7mi.png,7.0,8.0
SITE26,34,2025-03-29-15-28-57/SITE26_ORNT310_VIS10+mi.png,10.0,10.0
SITE26,34,2024-09-08-16-00-24/SITE26_ORNT180_VIS2mi.png,2.0,4.0
SITE26,34,2024-07-05-14-33-31/SITE26_ORNT85_VIS1-75mi.png,1.0,2.0
SITE26,34,2024-07-27-10-27-08/SITE26_ORNT180_VIS2-5mi.png,2.0,2.0
SITE26,34,2024-06-14-14-13-33/SITE26_ORNT85_VIS8mi.png,8.0,8.0
SITE26,34,2024-08-02-13-37-25/SITE26_ORNT310_VIS2mi.png,2.0,2.0
SITE261,32,2024-07-29-16-41-43/SITE261_ORNT90_VIS8mi.png,8.0,7.0
SITE261,32,2025-02-04-15-47-48/SITE261_ORNT150_VIS1-75mi.png,1.0,1.0
SITE261,32,2025-01-31-13-49-43/SITE261_ORNT90_VIS2mi.png,2.0,3.0
SITE261,32,2025-02-14-15-24-27/SITE261_ORNT90_VIS6mi.png,6.0,10.0
SITE261,32,2025-02-15-15-20-00/SITE261_ORNT270_VIS10+mi.png,10.0,3.0
SITE261,32,2025-04-02-15-05-32/SITE261_ORNT150_VIS10+mi.png,10.0,10.0
SITE261,32,2024-08-24-10-27-52/SITE261_ORNT270_VIS7mi.png,7.0,7.0
SITE261,32,2025-04-14-19-44-02/SITE261_ORNT270_VIS2mi.png,2.0,2.0
SITE261,32,2024-07-26-10-22-16/SITE261_ORNT150_VIS4mi.png,4.0,2.0
SITE261,32,2025-03-31-13-29-12/SITE261_ORNT150_VIS5mi.png,5.0,10.0
SITE261,32,2024-08-24-13-47-04/SITE261_ORNT150_VIS3mi.png,3.0,2.0
SITE261,32,2024-07-26-10-22-16/SITE261_ORNT90_VIS4mi.png,4.0,4.0
SITE261,32,2025-03-31-15-41-11/SITE261_ORNT90_VIS2-5mi.png,2.0,2.0
SITE262,53,2024-09-07-11-42-21/SITE262_ORNT124_VIS5mi.png,5.0,3.0
SITE262,53,2024-07-26-10-22-16/SITE262_ORNT10_VIS3mi.png,3.0,3.0
SITE262,53,2024-08-18-13-20-24/SITE262_ORNT124_VIS3mi.png,3.0,3.0
SITE262,53,2024-07-14-10-21-23/SITE262_ORNT10_VIS3mi.png,3.0,3.0
SITE262,53,2025-03-01-18-07-41/SITE262_ORNT290_VIS10+mi.png,10.0,10.0
SITE262,53,2024-09-07-13-37-18/SITE262_ORNT240_VIS3mi.png,3.0,3.0
SITE262,53,2024-09-19-14-23-02/SITE262_ORNT124_VIS2mi.png,2.0,3.0
SITE262,53,2025-01-15-15-33-17/SITE262_ORNT124_VIS4mi.png,4.0,10.0
SITE262,53,2024-07-26-10-22-16/SITE262_ORNT124_VIS3mi.png,3.0,3.0
SITE262,53,2025-01-15-15-33-17/SITE262_ORNT240_VIS4mi.png,4.0,1.0
SITE262,53,2025-01-23-15-05-27/SITE262_ORNT124_VIS1mi.png,1.0,1.0
SITE262,53,2024-05-08-14-34-39/SITE262_ORNT240_VIS6mi.png,6.0,3.0
SITE262,53,2025-01-26-15-53-06/SITE262_ORNT290_VIS1-5mi.png,1.0,1.0
SITE262,53,2025-02-16-12-49-10/SITE262_ORNT10_VIS5mi.png,5.0,10.0
SITE262,53,2024-08-24-10-27-52/SITE262_ORNT124_VIS1-5mi.png,1.0,1.0
SITE262,53,2024-08-02-13-37-25/SITE262_ORNT124_VIS6mi.png,6.0,3.0
SITE262,53,2024-06-06-17-01-51/SITE262_ORNT290_VIS8mi.png,8.0,8.0
SITE262,53,2024-12-23-15-38-40/SITE262_ORNT240_VIS2mi.png,2.0,1.0
SITE268,28,2025-02-10-14-47-56/SITE268_ORNT255_VIS8mi.png,8.0,8.0
SITE268,28,2025-01-17-15-10-02/SITE268_ORNT45_VIS3mi.png,3.0,8.0
SITE268,28,2024-12-23-15-38-40/SITE268_ORNT45_VIS5mi.png,5.0,4.0
SITE268,28,2025-02-04-15-47-48/SITE268_ORNT355_VIS8mi.png,8.0,8.0
SITE268,28,2025-03-02-13-12-40/SITE268_ORNT45_VIS7mi.png,7.0,8.0
SITE268,28,2024-10-10-15-17-15/SITE268_ORNT255_VIS9mi.png,9.0,4.0
SITE268,28,2025-02-11-14-30-47/SITE268_ORNT205_VIS8mi.png,8.0,10.0
SITE268,28,2024-09-21-11-24-11/SITE268_ORNT255_VIS5mi.png,5.0,5.0
SITE268,28,2024-10-13-15-24-41/SITE268_ORNT205_VIS4mi.png,4.0,4.0
SITE268,28,2025-01-23-15-05-27/SITE268_ORNT205_VIS1-5mi.png,1.0,1.0
SITE268,28,2025-01-26-15-53-06/SITE268_ORNT45_VIS2mi.png,2.0,2.0
SITE268,28,2025-04-02-15-05-32/SITE268_ORNT205_VIS10+mi.png,10.0,8.0
SITE272,36,2025-03-31-15-41-11/SITE272_ORNT67_VIS1mi.png,1.0,1.0
SITE272,36,2025-01-26-13-23-03/SITE272_ORNT325_VIS10+mi.png,10.0,10.0
SITE272,36,2024-10-10-15-17-15/SITE272_ORNT275_VIS10+mi.png,10.0,3.0
SITE272,36,2025-03-31-13-29-12/SITE272_ORNT67_VIS1-75mi.png,1.0,1.0
SITE272,36,2024-09-21-11-24-11/SITE272_ORNT67_VIS5mi.png,5.0,5.0
SITE272,36,2024-08-02-10-36-13/SITE272_ORNT67_VIS6mi.png,6.0,8.0
SITE272,36,2024-08-18-19-28-16/SITE272_ORNT67_VIS8mi.png,8.0,5.0
SITE272,36,2025-02-01-17-30-02/SITE272_ORNT325_VIS7mi.png,7.0,1.0
SITE272,36,2024-08-31-14-30-34/SITE272_ORNT275_VIS7mi.png,7.0,8.0
SITE272,36,2024-09-29-15-43-38/SITE272_ORNT67_VIS3mi.png,3.0,5.0
SITE272,36,2024-07-29-17-46-25/SITE272_ORNT67_VIS5mi.png,5.0,8.0
SITE272,36,2024-08-18-19-28-16/SITE272_ORNT130_VIS8mi.png,8.0,5.0
SITE276,35,2025-02-19-12-18-05/SITE276_ORNT225_VIS7mi.png,7.0,5.0
SITE276,35,2025-04-11-14-52-32/SITE276_ORNT45_VIS5mi.png,5.0,5.0
SITE276,35,2024-06-29-15-18-41/SITE276_ORNT225_VIS5mi.png,5.0,5.0
SITE276,35,2024-08-10-09-44-28/SITE276_ORNT45_VIS2mi.png,2.0,5.0
SITE276,35,2025-01-26-13-23-03/SITE276_ORNT45_VIS6mi.png,6.0,6.0
SITE276,35,2025-04-07-16-10-10/SITE276_ORNT45_VIS4mi.png,4.0,5.0
SITE276,35,2025-03-18-13-52-55/SITE276_ORNT225_VIS9mi.png,9.0,9.0
SITE276,35,2025-02-02-12-13-03/SITE276_ORNT45_VIS9mi.png,9.0,9.0
SITE276,35,2024-07-20-11-08-20/SITE276_ORNT45_VIS5mi.png,5.0,6.0
SITE276,35,2024-06-29-10-50-12/SITE276_ORNT225_VIS6mi.png,6.0,6.0
SITE29,39,2025-04-22-15-39-35/SITE29_ORNT200_VIS10+mi.png,10.0,10.0
SITE29,39,2025-01-31-13-49-43/SITE29_ORNT350_VIS3mi.png,3.0,5.0
SITE29,39,2025-02-14-15-24-27/SITE29_ORNT200_VIS5mi.png,5.0,5.0
SITE29,39,2025-03-29-15-28-57/SITE29_ORNT270_VIS4mi.png,4.0,4.0
SITE29,39,2025-01-26-15-53-06/SITE29_ORNT270_VIS1-25mi.png,1.0,1.0
SITE29,39,2025-03-31-13-29-12/SITE29_ORNT350_VIS5mi.png,5.0,8.0
SITE29,39,2024-08-02-10-36-13/SITE29_ORNT200_VIS2-5mi.png,2.0,1.0
SITE29,39,2025-03-29-15-28-57/SITE29_ORNT350_VIS4mi.png,4.0,8.0
SITE29,39,2025-01-31-13-49-43/SITE29_ORNT200_VIS3mi.png,3.0,8.0
SITE29,39,2025-01-17-15-10-02/SITE29_ORNT350_VIS6mi.png,6.0,1.0
SITE29,39,2025-02-04-15-47-48/SITE29_ORNT350_VIS2-5mi.png,2.0,1.0
SITE29,39,2024-05-09-16-15-37/SITE29_ORNT270_VIS1mi.png,1.0,1.0
SITE29,39,2024-06-22-15-38-49/SITE29_ORNT350_VIS9mi.png,9.0,5.0
SITE29,39,2025-01-28-16-10-28/SITE29_ORNT200_VIS8mi.png,8.0,8.0
SITE29,39,2024-09-19-16-37-08/SITE29_ORNT270_VIS8mi.png,8.0,5.0
SITE29,39,2025-03-31-13-29-12/SITE29_ORNT200_VIS5mi.png,5.0,8.0
SITE30,30,2025-02-01-17-30-02/SITE30_ORNT345_VIS1mi.png,1.0,1.0
SITE30,30,2025-02-04-15-47-48/SITE30_ORNT345_VIS2mi.png,2.0,1.0
SITE30,30,2024-08-02-20-27-22/SITE30_ORNT235_VIS8mi.png,8.0,8.0
SITE30,30,2024-08-11-09-28-59/SITE30_ORNT235_VIS8mi.png,8.0,7.0
SITE30,30,2024-08-02-10-36-13/SITE30_ORNT235_VIS7mi.png,7.0,4.0
SITE30,30,2025-01-31-13-49-43/SITE30_ORNT345_VIS2mi.png,2.0,1.0
SITE30,30,2025-04-10-17-56-44/SITE30_ORNT235_VIS9mi.png,9.0,10.0
SITE30,30,2024-07-04-10-22-12/SITE30_ORNT345_VIS4mi.png,4.0,4.0
SITE30,30,2024-08-24-10-27-52/SITE30_ORNT235_VIS5mi.png,5.0,8.0
SITE30,30,2024-05-09-16-15-37/SITE30_ORNT345_VIS3mi.png,3.0,5.0
SITE30,30,2025-02-05-13-59-56/SITE30_ORNT235_VIS4mi.png,4.0,1.0
SITE30,30,2025-02-14-15-24-27/SITE30_ORNT40_VIS1-75mi.png,1.0,2.0
SITE301,20,2024-08-16-20-03-50/SITE301_ORNT343_VIS9mi.png,9.0,9.0
SITE301,20,2025-02-19-12-18-05/SITE301_ORNT275_VIS9mi.png,9.0,9.0
SITE301,20,2024-07-30-16-52-29/SITE301_ORNT75_VIS9mi.png,9.0,9.0
SITE301,20,2025-04-10-17-56-44/SITE301_ORNT275_VIS9mi.png,9.0,9.0
SITE301,20,2024-05-09-16-15-37/SITE301_ORNT275_VIS9mi.png,9.0,9.0
SITE309,30,2025-03-20-11-55-50/SITE309_ORNT130_VIS9mi.png,9.0,9.0
SITE309,30,2025-01-31-13-49-43/SITE309_ORNT130_VIS1-75mi.png,1.0,6.0
SITE309,30,2024-05-09-16-15-37/SITE309_ORNT130_VIS9mi.png,9.0,9.0
SITE309,30,2025-03-31-15-41-11/SITE309_ORNT325_VIS9mi.png,9.0,9.0
SITE309,30,2025-02-11-14-30-47/SITE309_ORNT30_VIS9mi.png,9.0,9.0
SITE309,30,2025-03-23-13-51-54/SITE309_ORNT325_VIS2mi.png,2.0,6.0
SITE309,30,2025-02-19-12-18-05/SITE309_ORNT325_VIS5mi.png,5.0,6.0
SITE309,30,2024-07-22-20-17-56/SITE309_ORNT130_VIS8mi.png,8.0,9.0
SITE309,30,2025-01-26-13-23-03/SITE309_ORNT30_VIS4mi.png,4.0,4.0
SITE309,30,2025-02-10-14-47-56/SITE309_ORNT260_VIS6mi.png,6.0,5.0
SITE309,30,2025-03-05-12-08-53/SITE309_ORNT30_VIS1mi.png,1.0,1.0
SITE309,30,2024-12-09-12-13-38/SITE309_ORNT130_VIS3mi.png,3.0,6.0
SITE310,15,2025-02-02-12-13-03/SITE310_ORNT65_VIS5mi.png,5.0,3.0
SITE310,15,2024-09-18-18-13-42/SITE310_ORNT284_VIS9mi.png,9.0,9.0
SITE310,15,2024-10-11-15-41-13/SITE310_ORNT314_VIS3mi.png,3.0,6.0
SITE310,15,2024-09-07-11-42-21/SITE310_ORNT314_VIS7mi.png,7.0,5.0
SITE310,15,2024-05-08-14-34-39/SITE310_ORNT284_VIS9mi.png,9.0,9.0
SITE322,23,2024-05-28-11-05-32/SITE322_ORNT180_VIS9mi.png,9.0,9.0
SITE322,23,2024-07-29-16-41-43/SITE322_ORNT180_VIS9mi.png,9.0,9.0
SITE322,23,2024-09-07-11-42-21/SITE322_ORNT290_VIS9mi.png,9.0,9.0
SITE322,23,2025-02-17-14-46-26/SITE322_ORNT0_VIS6mi.png,6.0,9.0
SITE322,23,2024-06-29-15-18-41/SITE322_ORNT290_VIS9mi.png,9.0,9.0
SITE322,23,2024-08-19-10-27-18/SITE322_ORNT180_VIS3mi.png,3.0,3.0
SITE322,23,2025-02-15-15-20-00/SITE322_ORNT180_VIS8mi.png,8.0,5.0
SITE322,23,2024-08-16-20-03-50/SITE322_ORNT0_VIS5mi.png,5.0,2.0
SITE323,22,2025-02-10-14-47-56/SITE323_ORNT315_VIS9mi.png,9.0,9.0
SITE323,22,2025-03-31-13-29-12/SITE323_ORNT315_VIS9mi.png,9.0,9.0
SITE323,22,2024-06-13-13-46-47/SITE323_ORNT315_VIS9mi.png,9.0,9.0
SITE323,22,2024-05-14-16-18-20/SITE323_ORNT315_VIS4mi.png,4.0,3.0
SITE323,22,2024-07-14-10-21-23/SITE323_ORNT315_VIS9mi.png,9.0,9.0
SITE323,22,2024-07-18-11-32-15/SITE323_ORNT315_VIS3mi.png,3.0,3.0
SITE323,22,2025-02-16-12-49-10/SITE323_ORNT315_VIS6mi.png,6.0,6.0
SITE323,22,2025-04-16-13-54-24/SITE323_ORNT135_VIS3mi.png,3.0,9.0
SITE324,41,2025-01-29-12-01-12/SITE324_ORNT310_VIS9mi.png,9.0,9.0
SITE324,41,2025-01-31-13-49-43/SITE324_ORNT45_VIS4mi.png,4.0,2.0
SITE324,41,2025-01-22-12-38-15/SITE324_ORNT225_VIS8mi.png,8.0,9.0
SITE324,41,2024-08-19-19-34-52/SITE324_ORNT45_VIS6mi.png,6.0,9.0
SITE324,41,2025-02-01-12-44-07/SITE324_ORNT310_VIS2mi.png,2.0,2.0
SITE324,41,2024-08-31-14-30-34/SITE324_ORNT310_VIS9mi.png,9.0,9.0
SITE324,41,2024-07-20-11-08-20/SITE324_ORNT45_VIS2-5mi.png,2.0,2.0
SITE324,41,2024-09-12-12-03-32/SITE324_ORNT310_VIS5mi.png,5.0,3.0
SITE324,41,2024-07-05-14-33-31/SITE324_ORNT115_VIS9mi.png,9.0,9.0
SITE324,41,2024-08-10-09-44-28/SITE324_ORNT225_VIS9mi.png,9.0,9.0
SITE324,41,2025-03-11-17-13-52/SITE324_ORNT310_VIS3mi.png,3.0,2.0
SITE324,41,2024-08-18-13-20-24/SITE324_ORNT45_VIS1-75mi.png,1.0,9.0
SITE324,41,2024-09-12-12-03-32/SITE324_ORNT115_VIS5mi.png,5.0,3.0
SITE324,41,2024-04-30-13-21-52/SITE324_ORNT115_VIS9mi.png,9.0,9.0
SITE325,19,2025-02-02-12-13-03/SITE325_ORNT280_VIS6mi.png,6.0,8.0
SITE325,19,2025-02-01-17-30-02/SITE325_ORNT145_VIS1mi.png,1.0,1.0
SITE325,19,2025-02-27-11-22-46/SITE325_ORNT145_VIS8mi.png,8.0,8.0
SITE325,19,2025-03-26-12-24-08/SITE325_ORNT345_VIS15mi.png,10.0,8.0
SITE325,19,2024-09-22-16-46-10/SITE325_ORNT60_VIS8mi.png,8.0,10.0
SITE325,19,2024-12-10-14-08-09/SITE325_ORNT280_VIS1-5mi.png,1.0,1.0
SITE327,42,2024-12-17-16-15-56/SITE327_ORNT145_VIS15mi.png,10.0,10.0
SITE327,42,2024-07-23-16-31-18/SITE327_ORNT330_VIS4mi.png,4.0,4.0
SITE327,42,2024-08-18-19-28-16/SITE327_ORNT45_VIS5mi.png,5.0,10.0
SITE327,42,2024-05-11-17-39-19/SITE327_ORNT45_VIS5mi.png,5.0,5.0
SITE327,42,2024-12-27-14-55-32/SITE327_ORNT45_VIS2-5mi.png,2.0,2.0
SITE327,42,2024-07-25-18-03-52/SITE327_ORNT145_VIS6mi.png,6.0,5.0
SITE327,42,2024-12-20-15-16-09/SITE327_ORNT250_VIS3mi.png,3.0,2.0
SITE327,42,2024-07-07-15-01-32/SITE327_ORNT145_VIS5mi.png,5.0,5.0
SITE327,42,2025-03-05-12-08-53/SITE327_ORNT45_VIS15mi.png,10.0,10.0
SITE327,42,2025-03-01-18-07-41/SITE327_ORNT145_VIS15mi.png,10.0,10.0
SITE327,42,2024-08-19-10-27-18/SITE327_ORNT330_VIS3mi.png,3.0,5.0
SITE327,42,2025-02-04-15-47-48/SITE327_ORNT45_VIS2mi.png,2.0,3.0
SITE327,42,2024-05-07-15-42-07/SITE327_ORNT145_VIS4mi.png,4.0,2.0
SITE327,42,2024-04-30-13-21-52/SITE327_ORNT330_VIS8mi.png,8.0,5.0
SITE33,49,2025-03-17-19-09-03/SITE33_ORNT215_VIS1mi.png,1.0,1.0
SITE33,49,2024-06-06-10-38-22/SITE33_ORNT215_VIS4mi.png,4.0,4.0
SITE33,49,2025-02-17-14-46-26/SITE33_ORNT215_VIS6mi.png,6.0,6.0
SITE33,49,2025-02-04-15-47-48/SITE33_ORNT280_VIS2mi.png,2.0,4.0
SITE33,49,2024-07-27-10-27-08/SITE33_ORNT215_VIS4mi.png,4.0,4.0
SITE33,49,2025-01-28-16-10-28/SITE33_ORNT215_VIS1-75mi.png,1.0,1.0
SITE33,49,2025-03-06-17-34-12/SITE33_ORNT215_VIS1-25mi.png,1.0,1.0
SITE33,49,2025-03-20-11-55-50/SITE33_ORNT215_VIS7mi.png,7.0,7.0
SITE33,49,2024-05-23-15-19-49/SITE33_ORNT215_VIS9mi.png,9.0,9.0
SITE33,49,2024-08-31-14-30-34/SITE33_ORNT215_VIS3mi.png,3.0,4.0
SITE33,49,2025-01-28-16-10-28/SITE33_ORNT90_VIS1-75mi.png,1.0,2.0
SITE33,49,2024-07-23-10-10-08/SITE33_ORNT215_VIS2mi.png,2.0,1.0
SITE33,49,2024-08-29-14-11-27/SITE33_ORNT215_VIS5mi.png,5.0,4.0
SITE33,49,2024-06-06-10-38-22/SITE33_ORNT280_VIS4mi.png,4.0,4.0
SITE33,49,2024-07-26-10-22-16/SITE33_ORNT215_VIS8mi.png,8.0,4.0
SITE33,49,2024-06-23-11-02-14/SITE33_ORNT280_VIS3mi.png,3.0,9.0
SITE330,29,2024-09-08-16-00-24/SITE330_ORNT215_VIS4mi.png,4.0,2.0
SITE330,29,2024-07-22-11-13-59/SITE330_ORNT215_VIS2-5mi.png,2.0,4.0
SITE330,29,2024-08-11-09-28-59/SITE330_ORNT285_VIS9mi.png,9.0,9.0
SITE330,29,2025-03-03-11-33-30/SITE330_ORNT215_VIS9mi.png,9.0,9.0
SITE330,29,2024-09-19-14-23-02/SITE330_ORNT285_VIS9mi.png,9.0,9.0
SITE330,29,2025-02-02-12-13-03/SITE330_ORNT20_VIS3mi.png,3.0,3.0
SITE330,29,2024-05-31-11-53-14/SITE330_ORNT215_VIS6mi.png,6.0,3.0
SITE330,29,2025-02-12-14-37-35/SITE330_ORNT215_VIS8mi.png,8.0,3.0
SITE330,29,2024-12-10-14-08-09/SITE330_ORNT285_VIS5mi.png,5.0,3.0
SITE330,29,2024-06-27-10-23-10/SITE330_ORNT20_VIS7mi.png,7.0,9.0
SITE330,29,2025-01-23-15-05-27/SITE330_ORNT20_VIS3mi.png,3.0,3.0
SITE331,20,2024-07-02-10-19-43/SITE331_ORNT135_VIS9mi.png,9.0,9.0
SITE331,20,2024-06-06-10-38-22/SITE331_ORNT135_VIS3mi.png,3.0,3.0
SITE331,20,2024-08-19-19-34-52/SITE331_ORNT135_VIS6mi.png,6.0,3.0
SITE331,20,2024-07-28-11-17-19/SITE331_ORNT135_VIS9mi.png,9.0,9.0
SITE331,20,2025-03-05-12-08-53/SITE331_ORNT135_VIS5mi.png,5.0,9.0
SITE331,20,2025-02-10-14-47-56/SITE331_ORNT315_VIS2-25mi.png,2.0,3.0
SITE332,23,2024-07-20-11-08-20/SITE332_ORNT155_VIS6mi.png,6.0,6.0
SITE332,23,2024-07-25-10-00-39/SITE332_ORNT315_VIS5mi.png,5.0,6.0
SITE332,23,2024-07-20-15-11-13/SITE332_ORNT15_VIS7mi.png,7.0,6.0
SITE332,23,2024-06-20-14-40-34/SITE332_ORNT315_VIS6mi.png,6.0,9.0
SITE332,23,2025-02-01-12-44-07/SITE332_ORNT155_VIS8mi.png,8.0,9.0
SITE332,23,2025-01-15-12-14-16/SITE332_ORNT315_VIS9mi.png,9.0,9.0
SITE332,23,2024-07-02-10-19-43/SITE332_ORNT315_VIS9mi.png,9.0,9.0
SITE332,23,2024-08-02-10-36-13/SITE332_ORNT315_VIS9mi.png,9.0,9.0
SITE333,16,2024-05-31-11-53-14/SITE333_ORNT200_VIS9mi.png,9.0,9.0
SITE333,16,2024-08-10-09-44-28/SITE333_ORNT280_VIS5mi.png,5.0,5.0
SITE333,16,2024-07-07-11-04-33/SITE333_ORNT200_VIS8mi.png,8.0,8.0
SITE333,16,2024-08-02-20-27-22/SITE333_ORNT280_VIS9mi.png,9.0,9.0
SITE334,32,2024-07-29-16-41-43/SITE334_ORNT95_VIS6mi.png,6.0,9.0
SITE334,32,2024-07-02-16-22-41/SITE334_ORNT95_VIS9mi.png,9.0,9.0
SITE334,32,2024-08-19-10-27-18/SITE334_ORNT95_VIS3mi.png,3.0,9.0
SITE334,32,2024-08-18-13-20-24/SITE334_ORNT240_VIS9mi.png,9.0,9.0
SITE334,32,2025-01-28-16-10-28/SITE334_ORNT240_VIS9mi.png,9.0,9.0
SITE334,32,2024-10-19-10-55-55/SITE334_ORNT325_VIS5mi.png,5.0,1.0
SITE334,32,2024-08-29-17-58-30/SITE334_ORNT325_VIS9mi.png,9.0,9.0
SITE334,32,2025-02-05-13-59-56/SITE334_ORNT95_VIS4mi.png,4.0,9.0
SITE334,32,2025-03-28-10-38-15/SITE334_ORNT135_VIS5mi.png,5.0,5.0
SITE336,17,2024-07-23-16-31-18/SITE336_ORNT180_VIS7mi.png,7.0,8.0
SITE336,17,2025-03-20-11-55-50/SITE336_ORNT20_VIS9mi.png,9.0,9.0
SITE336,17,2024-07-23-13-08-12/SITE336_ORNT20_VIS5mi.png,5.0,6.0
SITE336,17,2024-08-02-20-27-22/SITE336_ORNT180_VIS9mi.png,9.0,9.0
SITE339,18,2024-08-11-13-07-09/SITE339_ORNT290_VIS6mi.png,6.0,9.0
SITE339,18,2025-01-26-15-53-06/SITE339_ORNT290_VIS9mi.png,9.0,9.0
SITE339,18,2025-04-13-19-09-12/SITE339_ORNT290_VIS2-5mi.png,2.0,6.0
SITE339,18,2024-08-10-09-44-28/SITE339_ORNT290_VIS7mi.png,7.0,9.0
SITE339,18,2024-11-19-11-24-38/SITE339_ORNT290_VIS6mi.png,6.0,6.0
SITE339,18,2025-01-26-13-23-03/SITE339_ORNT90_VIS9mi.png,9.0,6.0
SITE339,18,2024-12-10-14-08-09/SITE339_ORNT290_VIS5mi.png,5.0,9.0
SITE339,18,2025-01-28-16-10-28/SITE339_ORNT90_VIS3mi.png,3.0,6.0
SITE340,25,2024-08-24-10-27-52/SITE340_ORNT230_VIS5mi.png,5.0,6.0
SITE340,25,2025-02-01-17-30-02/SITE340_ORNT330_VIS2-5mi.png,2.0,2.0
SITE340,25,2024-08-11-13-07-09/SITE340_ORNT230_VIS7mi.png,7.0,9.0
SITE340,25,2024-08-30-10-00-55/SITE340_ORNT230_VIS6mi.png,6.0,6.0
SITE340,25,2024-06-03-13-44-33/SITE340_ORNT330_VIS9mi.png,9.0,9.0
SITE340,25,2024-07-25-10-00-39/SITE340_ORNT230_VIS9mi.png,9.0,8.0
SITE340,25,2024-05-09-16-15-37/SITE340_ORNT330_VIS9mi.png,9.0,9.0
SITE340,25,2024-08-24-13-47-04/SITE340_ORNT230_VIS8mi.png,8.0,9.0
SITE340,25,2024-07-02-16-22-41/SITE340_ORNT330_VIS3mi.png,3.0,6.0
SITE343,31,2024-11-19-11-24-38/SITE343_ORNT360_VIS6mi.png,6.0,6.0
SITE343,31,2025-03-31-15-41-11/SITE343_ORNT90_VIS9mi.png,9.0,9.0
SITE343,31,2024-10-08-11-05-48/SITE343_ORNT360_VIS3mi.png,3.0,6.0
SITE343,31,2024-08-15-16-44-48/SITE343_ORNT90_VIS9mi.png,9.0,9.0
SITE343,31,2025-03-26-14-35-40/SITE343_ORNT90_VIS9mi.png,9.0,9.0
SITE343,31,2024-12-29-16-00-12/SITE343_ORNT90_VIS5mi.png,5.0,6.0
SITE343,31,2024-06-10-14-33-22/SITE343_ORNT180_VIS9mi.png,9.0,9.0
SITE343,31,2025-02-17-14-46-26/SITE343_ORNT360_VIS3mi.png,3.0,3.0
SITE343,31,2024-11-19-11-24-38/SITE343_ORNT90_VIS6mi.png,6.0,6.0
SITE345,18,2024-09-08-13-07-06/SITE345_ORNT45_VIS9mi.png,9.0,9.0
SITE345,18,2025-04-13-19-09-12/SITE345_ORNT225_VIS4mi.png,4.0,6.0
SITE345,18,2025-04-01-16-59-16/SITE345_ORNT225_VIS9mi.png,9.0,9.0
SITE345,18,2025-02-16-12-49-10/SITE345_ORNT45_VIS9mi.png,9.0,9.0
SITE345,18,2024-06-23-11-02-14/SITE345_ORNT225_VIS6mi.png,6.0,9.0
SITE345,18,2025-01-28-16-10-28/SITE345_ORNT45_VIS3mi.png,3.0,4.0
SITE345,18,2025-03-04-14-20-15/SITE345_ORNT225_VIS8mi.png,8.0,9.0
SITE35,16,2025-02-05-13-59-56/SITE35_ORNT9_VIS6mi.png,6.0,1.0
SITE35,16,2025-04-07-16-10-10/SITE35_ORNT117_VIS3mi.png,3.0,1.0
SITE35,16,2025-04-01-16-59-16/SITE35_ORNT117_VIS1-25mi.png,1.0,1.0
SITE35,16,2025-04-01-16-59-16/SITE35_ORNT9_VIS1-25mi.png,1.0,1.0
SITE35,16,2025-04-13-19-09-12/SITE35_ORNT9_VIS10+mi.png,10.0,10.0
SITE35,16,2025-02-01-17-30-02/SITE35_ORNT117_VIS1-75mi.png,1.0,1.0
SITE353,22,2024-10-07-14-17-08/SITE353_ORNT0_VIS9mi.png,9.0,9.0
SITE353,22,2025-01-29-12-01-12/SITE353_ORNT135_VIS4mi.png,4.0,9.0
SITE353,22,2024-08-18-13-20-24/SITE353_ORNT135_VIS6mi.png,6.0,9.0
SITE353,22,2024-06-07-11-09-12/SITE353_ORNT135_VIS9mi.png,9.0,9.0
SITE353,22,2025-03-31-15-41-11/SITE353_ORNT0_VIS9mi.png,9.0,9.0
SITE353,22,2025-02-17-14-46-26/SITE353_ORNT0_VIS3mi.png,3.0,3.0
SITE353,22,2025-03-29-15-28-57/SITE353_ORNT135_VIS9mi.png,9.0,9.0
SITE355,25,2025-02-17-14-46-26/SITE355_ORNT220_VIS2-25mi.png,2.0,9.0
SITE355,25,2025-04-02-15-05-32/SITE355_ORNT350_VIS1-25mi.png,1.0,1.0
SITE355,25,2025-03-04-14-20-15/SITE355_ORNT350_VIS8mi.png,8.0,9.0
SITE355,25,2024-08-30-10-00-55/SITE355_ORNT220_VIS6mi.png,6.0,9.0
SITE355,25,2025-02-11-14-30-47/SITE355_ORNT130_VIS9mi.png,9.0,9.0
SITE355,25,2024-07-02-10-19-43/SITE355_ORNT130_VIS9mi.png,9.0,9.0
SITE355,25,2024-06-06-17-01-51/SITE355_ORNT70_VIS9mi.png,9.0,9.0
SITE355,25,2025-03-18-13-52-55/SITE355_ORNT220_VIS9mi.png,9.0,9.0
SITE358,35,2025-01-23-15-05-27/SITE358_ORNT120_VIS3mi.png,3.0,6.0
SITE358,35,2024-09-22-16-46-10/SITE358_ORNT285_VIS9mi.png,9.0,9.0
SITE358,35,2025-04-16-13-54-24/SITE358_ORNT120_VIS9mi.png,9.0,9.0
SITE358,35,2025-04-02-15-05-32/SITE358_ORNT285_VIS8mi.png,8.0,8.0
SITE358,35,2024-07-01-19-28-49/SITE358_ORNT120_VIS9mi.png,9.0,9.0
SITE358,35,2024-08-16-20-03-50/SITE358_ORNT285_VIS7mi.png,7.0,9.0
SITE358,35,2024-07-20-15-11-13/SITE358_ORNT290_VIS9mi.png,9.0,9.0
SITE358,35,2025-01-31-13-49-43/SITE358_ORNT285_VIS5mi.png,5.0,6.0
SITE358,35,2025-01-31-13-49-43/SITE358_ORNT120_VIS5mi.png,5.0,8.0
SITE358,35,2024-09-19-16-37-08/SITE358_ORNT355_VIS6mi.png,6.0,9.0
SITE358,35,2025-01-22-12-38-15/SITE358_ORNT290_VIS6mi.png,6.0,5.0
SITE36,16,2024-04-25-17-48-06/SITE36_ORNT350_VIS4mi.png,4.0,8.0
SITE36,16,2024-05-23-15-19-49/SITE36_ORNT350_VIS2mi.png,2.0,8.0
SITE36,16,2024-06-23-11-02-14/SITE36_ORNT165_VIS1-25mi.png,1.0,1.0
SITE36,16,2025-02-15-16-53-20/SITE36_ORNT235_VIS9mi.png,9.0,10.0
SITE36,16,2025-03-15-15-41-34/SITE36_ORNT235_VIS10+mi.png,10.0,8.0
SITE36,16,2024-07-14-16-38-50/SITE36_ORNT235_VIS1mi.png,1.0,1.0
SITE36,16,2024-07-14-16-38-50/SITE36_ORNT165_VIS1mi.png,1.0,1.0
SITE36,16,2025-04-07-16-10-10/SITE36_ORNT350_VIS8mi.png,8.0,8.0
SITE360,16,2024-05-28-11-05-32/SITE360_ORNT310_VIS9mi.png,9.0,9.0
SITE360,16,2024-10-06-14-34-22/SITE360_ORNT310_VIS9mi.png,9.0,9.0
SITE360,16,2024-12-10-14-08-09/SITE360_ORNT115_VIS8mi.png,8.0,9.0
SITE360,16,2025-02-17-14-46-26/SITE360_ORNT310_VIS2mi.png,2.0,6.0
SITE360,16,2025-02-04-15-47-48/SITE360_ORNT115_VIS7mi.png,7.0,9.0
SITE360,16,2025-03-20-11-55-50/SITE360_ORNT45_VIS9mi.png,9.0,9.0
SITE360,16,2025-03-05-12-08-53/SITE360_ORNT115_VIS6mi.png,6.0,8.0
SITE362,27,2024-12-10-14-08-09/SITE362_ORNT25_VIS2-25mi.png,2.0,2.0
SITE362,27,2024-06-16-19-09-40/SITE362_ORNT25_VIS9mi.png,9.0,9.0
SITE362,27,2024-10-18-12-30-03/SITE362_ORNT25_VIS9mi.png,9.0,9.0
SITE362,27,2025-02-02-12-13-03/SITE362_ORNT305_VIS1-5mi.png,1.0,6.0
SITE362,27,2024-05-23-15-19-49/SITE362_ORNT135_VIS8mi.png,8.0,2.0
SITE362,27,2025-03-20-11-55-50/SITE362_ORNT305_VIS1-75mi.png,1.0,6.0
SITE362,27,2025-04-16-13-54-24/SITE362_ORNT240_VIS9mi.png,9.0,9.0
SITE362,27,2024-10-13-15-24-41/SITE362_ORNT305_VIS3mi.png,3.0,6.0
SITE362,27,2025-02-12-14-37-35/SITE362_ORNT305_VIS7mi.png,7.0,9.0
SITE362,27,2024-08-19-10-27-18/SITE362_ORNT240_VIS6mi.png,6.0,9.0
SITE362,27,2025-04-14-19-44-02/SITE362_ORNT25_VIS9mi.png,9.0,9.0
SITE363,29,2025-02-15-16-53-20/SITE363_ORNT100_VIS5mi.png,5.0,6.0
SITE363,29,2025-01-22-12-38-15/SITE363_ORNT345_VIS2mi.png,2.0,5.0
SITE363,29,2025-01-31-13-49-43/SITE363_ORNT285_VIS8mi.png,8.0,9.0
SITE363,29,2024-12-20-15-16-09/SITE363_ORNT285_VIS6mi.png,6.0,9.0
SITE363,29,2025-03-28-10-38-15/SITE363_ORNT100_VIS9mi.png,9.0,9.0
SITE363,29,2024-06-15-10-59-58/SITE363_ORNT190_VIS9mi.png,9.0,9.0
SITE363,29,2024-06-03-13-44-33/SITE363_ORNT345_VIS9mi.png,9.0,9.0
SITE363,29,2025-02-04-15-47-48/SITE363_ORNT345_VIS9mi.png,9.0,9.0
SITE363,29,2025-03-28-10-38-15/SITE363_ORNT345_VIS9mi.png,9.0,9.0
SITE366,26,2024-12-03-11-18-04/SITE366_ORNT40_VIS3mi.png,3.0,2.0
SITE366,26,2024-12-10-14-08-09/SITE366_ORNT40_VIS2mi.png,2.0,2.0
SITE366,26,2025-02-10-14-47-56/SITE366_ORNT200_VIS5mi.png,5.0,3.0
SITE366,26,2024-08-24-10-27-52/SITE366_ORNT200_VIS3mi.png,3.0,2.0
SITE366,26,2024-07-23-16-31-18/SITE366_ORNT200_VIS9mi.png,9.0,9.0
SITE366,26,2025-03-18-13-52-55/SITE366_ORNT95_VIS9mi.png,9.0,9.0
SITE366,26,2025-03-31-13-29-12/SITE366_ORNT95_VIS9mi.png,9.0,9.0
SITE366,26,2024-09-21-11-24-11/SITE366_ORNT40_VIS7mi.png,7.0,9.0
SITE366,26,2024-08-02-10-36-13/SITE366_ORNT200_VIS9mi.png,9.0,9.0
SITE367,21,2025-04-01-16-59-16/SITE367_ORNT110_VIS9mi.png,9.0,9.0
SITE367,21,2025-03-05-12-08-53/SITE367_ORNT165_VIS5mi.png,5.0,3.0
SITE367,21,2025-01-31-13-49-43/SITE367_ORNT280_VIS1-75mi.png,1.0,2.0
SITE367,21,2024-07-25-10-00-39/SITE367_ORNT110_VIS9mi.png,9.0,9.0
SITE367,21,2024-10-14-13-08-27/SITE367_ORNT280_VIS9mi.png,9.0,9.0
SITE367,21,2024-06-15-10-59-58/SITE367_ORNT280_VIS9mi.png,9.0,9.0
SITE367,21,2024-10-15-10-59-57/SITE367_ORNT280_VIS6mi.png,6.0,9.0
SITE375,17,2025-03-28-10-38-15/SITE375_ORNT260_VIS7mi.png,7.0,7.0
SITE375,17,2024-07-28-11-17-19/SITE375_ORNT330_VIS9mi.png,9.0,9.0
SITE375,17,2025-02-17-14-46-26/SITE375_ORNT260_VIS1-75mi.png,1.0,1.0
SITE375,17,2024-09-29-15-43-38/SITE375_ORNT330_VIS9mi.png,9.0,9.0
SITE375,17,2024-10-19-10-55-55/SITE375_ORNT330_VIS9mi.png,9.0,9.0
SITE376,22,2025-02-15-16-53-20/SITE376_ORNT170_VIS7mi.png,7.0,9.0
SITE376,22,2024-12-09-12-13-38/SITE376_ORNT70_VIS9mi.png,9.0,9.0
SITE376,22,2024-04-25-17-48-06/SITE376_ORNT170_VIS9mi.png,9.0,9.0
SITE376,22,2025-03-02-13-12-40/SITE376_ORNT250_VIS5mi.png,5.0,5.0
SITE376,22,2025-01-28-16-10-28/SITE376_ORNT70_VIS6mi.png,6.0,5.0
SITE376,22,2025-02-05-13-59-56/SITE376_ORNT70_VIS1mi.png,1.0,1.0
SITE376,22,2024-06-28-13-30-05/SITE376_ORNT70_VIS6mi.png,6.0,9.0
SITE376,22,2025-03-02-13-12-40/SITE376_ORNT170_VIS5mi.png,5.0,6.0
SITE377,30,2025-02-04-15-47-48/SITE377_ORNT110_VIS1mi.png,1.0,5.0
SITE377,30,2025-03-28-10-38-15/SITE377_ORNT110_VIS6mi.png,6.0,9.0
SITE377,30,2024-05-13-18-48-49/SITE377_ORNT200_VIS7mi.png,7.0,8.0
SITE377,30,2024-04-25-17-48-06/SITE377_ORNT110_VIS9mi.png,9.0,9.0
SITE377,30,2024-05-11-17-39-19/SITE377_ORNT110_VIS9mi.png,9.0,9.0
SITE377,30,2025-02-27-11-22-46/SITE377_ORNT0_VIS9mi.png,9.0,9.0
SITE377,30,2025-02-14-15-24-27/SITE377_ORNT0_VIS5mi.png,5.0,6.0
SITE377,30,2024-06-15-10-59-58/SITE377_ORNT235_VIS8mi.png,8.0,9.0
SITE377,30,2025-03-02-11-48-27/SITE377_ORNT110_VIS4mi.png,4.0,5.0
SITE377,30,2025-03-11-17-13-52/SITE377_ORNT200_VIS5mi.png,5.0,5.0
SITE380,22,2025-03-31-13-29-12/SITE380_ORNT55_VIS6mi.png,6.0,6.0
SITE380,22,2024-06-10-10-43-57/SITE380_ORNT220_VIS3mi.png,3.0,4.0
SITE380,22,2025-03-06-15-10-58/SITE380_ORNT220_VIS1mi.png,1.0,1.0
SITE380,22,2024-09-22-16-46-10/SITE380_ORNT55_VIS9mi.png,9.0,9.0
SITE380,22,2025-01-31-13-49-43/SITE380_ORNT55_VIS9mi.png,9.0,9.0
SITE380,22,2025-02-15-15-20-00/SITE380_ORNT220_VIS5mi.png,5.0,9.0
SITE385,20,2025-03-31-15-41-11/SITE385_ORNT50_VIS6mi.png,6.0,9.0
SITE385,20,2025-03-06-15-10-58/SITE385_ORNT50_VIS2-25mi.png,2.0,2.0
SITE385,20,2025-02-15-15-20-00/SITE385_ORNT50_VIS2mi.png,2.0,2.0
SITE385,20,2024-08-01-10-54-34/SITE385_ORNT230_VIS9mi.png,9.0,9.0
SITE385,20,2024-05-09-16-15-37/SITE385_ORNT50_VIS7mi.png,7.0,7.0
SITE385,20,2025-03-28-10-38-15/SITE385_ORNT230_VIS5mi.png,5.0,5.0
SITE385,20,2024-07-22-11-13-59/SITE385_ORNT300_VIS9mi.png,9.0,9.0
SITE385,20,2025-03-11-17-13-52/SITE385_ORNT50_VIS8mi.png,8.0,2.0
SITE386,30,2025-02-27-11-22-46/SITE386_ORNT30_VIS2-5mi.png,2.0,2.0
SITE386,30,2024-08-19-10-27-18/SITE386_ORNT30_VIS7mi.png,7.0,7.0
SITE386,30,2024-08-19-10-27-18/SITE386_ORNT125_VIS7mi.png,7.0,9.0
SITE386,30,2024-06-28-13-30-05/SITE386_ORNT130_VIS9mi.png,9.0,9.0
SITE386,30,2024-09-07-11-42-21/SITE386_ORNT125_VIS9mi.png,9.0,9.0
SITE386,30,2024-07-29-17-46-25/SITE386_ORNT125_VIS9mi.png,9.0,9.0
SITE386,30,2025-03-05-12-08-53/SITE386_ORNT130_VIS4mi.png,4.0,2.0
SITE386,30,2025-03-15-15-41-34/SITE386_ORNT125_VIS9mi.png,9.0,9.0
SITE386,30,2025-02-17-14-46-26/SITE386_ORNT125_VIS3mi.png,3.0,3.0
SITE386,30,2025-03-26-14-35-40/SITE386_ORNT30_VIS6mi.png,6.0,9.0
SITE389,33,2025-01-29-12-01-12/SITE389_ORNT300_VIS1mi.png,1.0,1.0
SITE389,33,2024-08-02-13-37-25/SITE389_ORNT210_VIS9mi.png,9.0,9.0
SITE389,33,2024-09-08-16-00-24/SITE389_ORNT300_VIS9mi.png,9.0,9.0
SITE389,33,2025-01-31-13-49-43/SITE389_ORNT120_VIS8mi.png,8.0,9.0
SITE389,33,2024-12-16-12-39-30/SITE389_ORNT120_VIS6mi.png,6.0,2.0
SITE389,33,2025-03-17-19-09-03/SITE389_ORNT300_VIS9mi.png,9.0,9.0
SITE389,33,2024-09-07-11-42-21/SITE389_ORNT35_VIS9mi.png,9.0,9.0
SITE389,33,2025-03-20-11-55-50/SITE389_ORNT120_VIS9mi.png,9.0,9.0
SITE389,33,2025-03-11-17-13-52/SITE389_ORNT300_VIS9mi.png,9.0,9.0
SITE389,33,2024-12-27-14-55-32/SITE389_ORNT300_VIS3mi.png,3.0,9.0
SITE397,39,2025-02-14-15-24-27/SITE397_ORNT345_VIS1mi.png,1.0,3.0
SITE397,39,2025-02-19-12-18-05/SITE397_ORNT270_VIS9mi.png,9.0,9.0
SITE397,39,2024-05-08-14-34-39/SITE397_ORNT30_VIS9mi.png,9.0,8.0
SITE397,39,2025-03-02-11-48-27/SITE397_ORNT30_VIS2-5mi.png,2.0,1.0
SITE397,39,2025-01-29-12-01-12/SITE397_ORNT345_VIS5mi.png,5.0,5.0
SITE397,39,2025-02-05-13-59-56/SITE397_ORNT145_VIS6mi.png,6.0,7.0
SITE397,39,2024-10-15-10-59-57/SITE397_ORNT270_VIS8mi.png,8.0,8.0
SITE397,39,2025-02-12-14-37-35/SITE397_ORNT145_VIS6mi.png,6.0,6.0
SITE397,39,2025-04-01-16-59-16/SITE397_ORNT30_VIS7mi.png,7.0,6.0
SITE397,39,2025-03-02-13-12-40/SITE397_ORNT270_VIS3mi.png,3.0,2.0
SITE397,39,2025-03-06-15-10-58/SITE397_ORNT270_VIS3mi.png,3.0,3.0
SITE397,39,2024-10-15-10-59-57/SITE397_ORNT145_VIS8mi.png,8.0,8.0
SITE4,15,2024-10-06-14-34-22/SITE4_ORNT264_VIS5mi.png,5.0,2.0
SITE4,15,2024-06-05-18-49-24/SITE4_ORNT264_VIS8mi.png,8.0,5.0
SITE4,15,2024-10-06-14-34-22/SITE4_ORNT140_VIS5mi.png,5.0,5.0
SITE4,15,2024-09-20-16-20-08/SITE4_ORNT187_VIS7mi.png,7.0,5.0
SITE4,15,2025-04-22-15-39-35/SITE4_ORNT303_VIS10+mi.png,10.0,10.0
SITE40,61,2024-10-11-15-41-13/SITE40_ORNT295_VIS2-5mi.png,2.0,2.0
SITE40,61,2025-02-04-15-47-48/SITE40_ORNT295_VIS7mi.png,7.0,7.0
SITE40,61,2024-06-06-10-38-22/SITE40_ORNT180_VIS4mi.png,4.0,6.0
SITE40,61,2024-07-18-14-04-18/SITE40_ORNT295_VIS5mi.png,5.0,2.0
SITE40,61,2025-02-15-16-53-20/SITE40_ORNT120_VIS6mi.png,6.0,4.0
SITE40,61,2024-08-30-17-21-54/SITE40_ORNT295_VIS8mi.png,8.0,2.0
SITE40,61,2024-05-07-15-42-07/SITE40_ORNT180_VIS2mi.png,2.0,2.0
SITE40,61,2024-06-10-10-43-57/SITE40_ORNT180_VIS4mi.png,4.0,6.0
SITE40,61,2025-04-10-17-56-44/SITE40_ORNT295_VIS1-25mi.png,1.0,4.0
SITE40,61,2025-04-16-13-54-24/SITE40_ORNT120_VIS1-5mi.png,1.0,4.0
SITE40,61,2024-12-29-16-00-12/SITE40_ORNT120_VIS6mi.png,6.0,2.0
SITE40,61,2024-05-11-17-39-19/SITE40_ORNT295_VIS2-5mi.png,2.0,2.0
SITE40,61,2024-08-11-13-07-09/SITE40_ORNT295_VIS3mi.png,3.0,2.0
SITE40,61,2024-09-07-13-37-18/SITE40_ORNT295_VIS3mi.png,3.0,5.0
SITE40,61,2024-10-06-12-31-10/SITE40_ORNT295_VIS4mi.png,4.0,2.0
SITE40,61,2025-04-14-19-44-02/SITE40_ORNT180_VIS6mi.png,6.0,8.0
SITE40,61,2025-03-05-12-08-53/SITE40_ORNT295_VIS4mi.png,4.0,2.0
SITE40,61,2025-01-26-15-53-06/SITE40_ORNT120_VIS1mi.png,1.0,1.0
SITE40,61,2024-07-22-20-17-56/SITE40_ORNT295_VIS5mi.png,5.0,5.0
SITE40,61,2024-12-24-15-14-57/SITE40_ORNT295_VIS2mi.png,2.0,4.0
SITE401,18,2025-04-11-14-52-32/SITE401_ORNT350_VIS9mi.png,9.0,9.0
SITE401,18,2024-07-20-11-08-20/SITE401_ORNT250_VIS9mi.png,9.0,9.0
SITE401,18,2025-02-16-12-49-10/SITE401_ORNT350_VIS9mi.png,9.0,9.0
SITE401,18,2025-03-06-15-10-58/SITE401_ORNT350_VIS3mi.png,3.0,3.0
SITE401,18,2025-01-29-12-01-12/SITE401_ORNT350_VIS9mi.png,9.0,9.0
SITE407,19,2024-09-29-15-43-38/SITE407_ORNT215_VIS9mi.png,9.0,9.0
SITE407,19,2024-10-06-14-34-22/SITE407_ORNT215_VIS9mi.png,9.0,9.0
SITE407,19,2024-10-15-10-59-57/SITE407_ORNT215_VIS9mi.png,9.0,9.0
SITE407,19,2024-07-14-10-21-23/SITE407_ORNT320_VIS9mi.png,9.0,9.0
SITE407,19,2024-07-22-20-17-56/SITE407_ORNT120_VIS3mi.png,3.0,9.0
SITE41,88,2024-06-03-13-44-33/SITE41_ORNT235_VIS6mi.png,6.0,5.0
SITE41,88,2024-05-23-15-19-49/SITE41_ORNT235_VIS2-5mi.png,2.0,3.0
SITE41,88,2025-02-04-15-47-48/SITE41_ORNT335_VIS1mi.png,1.0,1.0
SITE41,88,2024-06-01-16-58-02/SITE41_ORNT335_VIS8mi.png,8.0,5.0
SITE41,88,2024-05-28-11-05-32/SITE41_ORNT335_VIS3mi.png,3.0,5.0
SITE41,88,2024-12-29-16-00-12/SITE41_ORNT335_VIS6mi.png,6.0,6.0
SITE41,88,2024-05-03-12-14-06/SITE41_ORNT335_VIS1-25mi.png,1.0,4.0
SITE41,88,2024-04-30-13-21-52/SITE41_ORNT170_VIS4mi.png,4.0,2.0
SITE41,88,2025-04-10-17-56-44/SITE41_ORNT25_VIS3mi.png,3.0,3.0
SITE41,88,2024-12-29-16-00-12/SITE41_ORNT235_VIS6mi.png,6.0,6.0
SITE41,88,2024-07-05-10-36-13/SITE41_ORNT25_VIS1-5mi.png,1.0,1.0
SITE41,88,2024-06-15-10-59-58/SITE41_ORNT335_VIS2mi.png,2.0,2.0
SITE41,88,2025-02-12-14-37-35/SITE41_ORNT170_VIS1-75mi.png,1.0,4.0
SITE41,88,2025-02-05-13-59-56/SITE41_ORNT235_VIS8mi.png,8.0,8.0
SITE41,88,2024-05-03-19-33-18/SITE41_ORNT170_VIS4mi.png,4.0,5.0
SITE41,88,2024-05-03-12-14-06/SITE41_ORNT170_VIS1-25mi.png,1.0,4.0
SITE41,88,2024-05-01-16-21-18/SITE41_ORNT170_VIS5mi.png,5.0,4.0
SITE41,88,2025-02-17-14-46-26/SITE41_ORNT235_VIS5mi.png,5.0,3.0
SITE41,88,2024-06-09-10-51-06/SITE41_ORNT25_VIS4mi.png,4.0,2.0
SITE41,88,2024-05-14-16-18-20/SITE41_ORNT235_VIS4mi.png,4.0,4.0
SITE41,88,2024-06-09-10-51-06/SITE41_ORNT235_VIS4mi.png,4.0,5.0
SITE41,88,2025-04-22-15-39-35/SITE41_ORNT170_VIS3mi.png,3.0,3.0
SITE41,88,2024-06-16-15-28-51/SITE41_ORNT170_VIS8mi.png,8.0,8.0
SITE41,88,2024-06-14-11-11-00/SITE41_ORNT170_VIS7mi.png,7.0,7.0
SITE41,88,2024-04-25-17-48-06/SITE41_ORNT335_VIS7mi.png,7.0,7.0
SITE41,88,2025-02-01-17-30-02/SITE41_ORNT335_VIS8mi.png,8.0,6.0
SITE41,88,2024-05-21-12-02-34/SITE41_ORNT25_VIS5mi.png,5.0,4.0
SITE41,88,2024-12-17-16-15-56/SITE41_ORNT235_VIS2mi.png,2.0,1.0
SITE411,93,2024-07-07-11-04-33/SITE411_ORNT280_VIS4mi.png,4.0,2.0
SITE411,93,2025-04-16-13-54-24/SITE411_ORNT135_VIS3mi.png,3.0,5.0
SITE411,93,2024-08-10-09-44-28/SITE411_ORNT135_VIS2-5mi.png,2.0,7.0
SITE411,93,2024-07-02-16-22-41/SITE411_ORNT135_VIS7mi.png,7.0,7.0
SITE411,93,2024-07-04-10-22-12/SITE411_ORNT135_VIS7mi.png,7.0,7.0
SITE411,93,2024-07-02-16-22-41/SITE411_ORNT280_VIS7mi.png,7.0,7.0
SITE411,93,2024-07-22-20-17-56/SITE411_ORNT220_VIS3mi.png,3.0,7.0
SITE411,93,2024-10-07-14-17-08/SITE411_ORNT220_VIS7mi.png,7.0,7.0
SITE411,93,2024-07-25-18-03-52/SITE411_ORNT135_VIS4mi.png,4.0,7.0
SITE411,93,2024-07-14-13-28-24/SITE411_ORNT280_VIS2mi.png,2.0,3.0
SITE411,93,2024-06-10-10-43-57/SITE411_ORNT135_VIS3mi.png,3.0,3.0
SITE411,93,2024-07-28-13-48-26/SITE411_ORNT280_VIS6mi.png,6.0,7.0
SITE411,93,2025-03-02-13-12-40/SITE411_ORNT220_VIS5mi.png,5.0,7.0
SITE411,93,2024-08-10-09-44-28/SITE411_ORNT75_VIS2-5mi.png,2.0,7.0
SITE411,93,2024-07-26-10-22-16/SITE411_ORNT135_VIS2mi.png,2.0,7.0
SITE411,93,2025-03-05-12-08-53/SITE411_ORNT220_VIS8mi.png,8.0,7.0
SITE411,93,2024-07-18-14-04-18/SITE411_ORNT220_VIS7mi.png,7.0,7.0
SITE411,93,2024-07-05-14-33-31/SITE411_ORNT220_VIS6mi.png,6.0,7.0
SITE411,93,2024-08-16-20-03-50/SITE411_ORNT135_VIS5mi.png,5.0,7.0
SITE411,93,2024-08-16-20-03-50/SITE411_ORNT75_VIS5mi.png,5.0,7.0
SITE411,93,2024-07-29-17-46-25/SITE411_ORNT75_VIS4mi.png,4.0,7.0
SITE411,93,2024-09-08-16-00-24/SITE411_ORNT280_VIS9mi.png,9.0,7.0
SITE411,93,2024-07-05-10-36-13/SITE411_ORNT135_VIS7mi.png,7.0,7.0
SITE411,93,2024-07-01-19-28-49/SITE411_ORNT75_VIS8mi.png,8.0,7.0
SITE411,93,2024-05-27-19-19-47/SITE411_ORNT220_VIS7mi.png,7.0,7.0
SITE411,93,2024-07-27-10-27-08/SITE411_ORNT75_VIS3mi.png,3.0,2.0
SITE417,66,2025-02-15-15-20-00/SITE417_ORNT315_VIS5mi.png,5.0,3.0
SITE417,66,2024-12-24-15-14-57/SITE417_ORNT220_VIS6mi.png,6.0,3.0
SITE417,66,2024-05-30-17-47-26/SITE417_ORNT140_VIS3mi.png,3.0,5.0
SITE417,66,2025-03-26-12-24-08/SITE417_ORNT220_VIS8mi.png,8.0,5.0
SITE417,66,2024-10-11-15-41-13/SITE417_ORNT315_VIS5mi.png,5.0,5.0
SITE417,66,2025-03-31-15-41-11/SITE417_ORNT50_VIS10+mi.png,10.0,10.0
SITE417,66,2025-01-26-13-23-03/SITE417_ORNT315_VIS4mi.png,4.0,3.0
SITE417,66,2024-08-30-17-21-54/SITE417_ORNT315_VIS2mi.png,2.0,2.0
SITE417,66,2024-06-09-10-51-06/SITE417_ORNT50_VIS2mi.png,2.0,5.0
SITE417,66,2025-03-26-14-35-40/SITE417_ORNT315_VIS8mi.png,8.0,3.0
SITE417,66,2024-10-11-15-41-13/SITE417_ORNT140_VIS5mi.png,5.0,5.0
SITE417,66,2024-09-22-16-46-10/SITE417_ORNT140_VIS3mi.png,3.0,2.0
SITE417,66,2024-08-26-16-02-03/SITE417_ORNT50_VIS5mi.png,5.0,5.0
SITE417,66,2025-02-11-14-30-47/SITE417_ORNT315_VIS2-5mi.png,2.0,3.0
SITE417,66,2024-06-21-15-35-27/SITE417_ORNT220_VIS7mi.png,7.0,5.0
SITE417,66,2025-03-05-12-08-53/SITE417_ORNT220_VIS10+mi.png,10.0,5.0
SITE417,66,2024-12-20-15-16-09/SITE417_ORNT220_VIS4mi.png,4.0,5.0
SITE417,66,2024-09-08-13-07-06/SITE417_ORNT220_VIS1-5mi.png,1.0,5.0
SITE417,66,2024-06-10-10-43-57/SITE417_ORNT140_VIS6mi.png,6.0,5.0
SITE417,66,2025-02-15-16-53-20/SITE417_ORNT220_VIS3mi.png,3.0,5.0
SITE417,66,2024-08-26-16-02-03/SITE417_ORNT220_VIS5mi.png,5.0,5.0
SITE42,20,2025-03-31-13-29-12/SITE42_ORNT120_VIS1mi.png,1.0,1.0
SITE42,20,2025-03-15-15-41-34/SITE42_ORNT120_VIS8mi.png,8.0,8.0
SITE42,20,2024-08-18-13-20-24/SITE42_ORNT40_VIS8mi.png,8.0,5.0
SITE42,20,2024-09-08-13-07-06/SITE42_ORNT40_VIS5mi.png,5.0,8.0
SITE42,20,2024-12-24-15-14-57/SITE42_ORNT330_VIS1-75mi.png,1.0,1.0
SITE42,20,2024-09-27-16-12-40/SITE42_ORNT205_VIS2-5mi.png,2.0,5.0
SITE42,20,2025-03-02-13-12-40/SITE42_ORNT330_VIS6mi.png,6.0,8.0
SITE42,20,2025-03-31-15-41-11/SITE42_ORNT205_VIS10+mi.png,10.0,6.0
SITE42,20,2025-04-01-16-59-16/SITE42_ORNT205_VIS6mi.png,6.0,6.0
SITE420,38,2024-07-14-16-38-50/SITE420_ORNT225_VIS2-5mi.png,2.0,2.0
SITE420,38,2024-07-26-10-22-16/SITE420_ORNT170_VIS3mi.png,3.0,8.0
SITE420,38,2024-05-21-12-02-34/SITE420_ORNT30_VIS8mi.png,8.0,8.0
SITE420,38,2024-07-14-16-38-50/SITE420_ORNT170_VIS2-5mi.png,2.0,4.0
SITE420,38,2024-06-15-14-23-40/SITE420_ORNT225_VIS8mi.png,8.0,8.0
SITE420,38,2024-07-29-16-41-43/SITE420_ORNT30_VIS7mi.png,7.0,7.0
SITE420,38,2025-03-01-18-07-41/SITE420_ORNT225_VIS4mi.png,4.0,3.0
SITE420,38,2025-03-01-18-07-41/SITE420_ORNT30_VIS4mi.png,4.0,8.0
SITE420,38,2025-01-23-15-05-27/SITE420_ORNT275_VIS5mi.png,5.0,4.0
SITE420,38,2024-08-18-19-28-16/SITE420_ORNT225_VIS6mi.png,6.0,2.0
SITE420,38,2024-07-05-10-36-13/SITE420_ORNT30_VIS3mi.png,3.0,4.0
SITE421,23,2024-07-07-15-01-32/SITE421_ORNT40_VIS5mi.png,5.0,4.0
SITE421,23,2025-03-31-15-41-11/SITE421_ORNT240_VIS8mi.png,8.0,9.0
SITE421,23,2024-07-04-10-22-12/SITE421_ORNT240_VIS6mi.png,6.0,4.0
SITE421,23,2024-07-14-10-21-23/SITE421_ORNT170_VIS2-5mi.png,2.0,2.0
SITE421,23,2024-07-04-13-27-11/SITE421_ORNT110_VIS4mi.png,4.0,2.0
SITE421,23,2025-04-01-16-59-16/SITE421_ORNT110_VIS2mi.png,2.0,2.0
SITE421,23,2024-09-07-11-42-21/SITE421_ORNT240_VIS3mi.png,3.0,8.0
SITE421,23,2024-07-05-14-33-31/SITE421_ORNT240_VIS2mi.png,2.0,2.0
SITE422,23,2024-07-04-13-27-11/SITE422_ORNT180_VIS5mi.png,5.0,4.0
SITE422,23,2024-06-16-19-09-40/SITE422_ORNT30_VIS8mi.png,8.0,8.0
SITE422,23,2024-08-02-13-37-25/SITE422_ORNT180_VIS6mi.png,6.0,4.0
SITE422,23,2024-05-23-15-19-49/SITE422_ORNT300_VIS3mi.png,3.0,4.0
SITE422,23,2024-07-28-19-40-21/SITE422_ORNT300_VIS4mi.png,4.0,4.0
SITE422,23,2024-07-05-14-33-31/SITE422_ORNT180_VIS1-75mi.png,1.0,1.0
SITE422,23,2024-06-15-10-59-58/SITE422_ORNT85_VIS4mi.png,4.0,8.0
SITE422,23,2024-07-04-10-22-12/SITE422_ORNT300_VIS2-5mi.png,2.0,4.0
SITE422,23,2024-07-28-13-48-26/SITE422_ORNT300_VIS7mi.png,7.0,4.0
SITE424,16,2024-07-23-16-31-18/SITE424_ORNT180_VIS6mi.png,6.0,6.0
SITE424,16,2024-08-11-13-07-09/SITE424_ORNT0_VIS9mi.png,9.0,9.0
SITE424,16,2025-02-19-12-18-05/SITE424_ORNT180_VIS2mi.png,2.0,9.0
SITE424,16,2024-07-28-11-17-19/SITE424_ORNT0_VIS9mi.png,9.0,9.0
SITE424,16,2025-02-10-14-47-56/SITE424_ORNT0_VIS9mi.png,9.0,9.0
SITE426,41,2024-10-18-12-30-03/SITE426_ORNT130_VIS6mi.png,6.0,6.0
SITE426,41,2025-03-23-13-51-54/SITE426_ORNT250_VIS7mi.png,7.0,6.0
SITE426,41,2025-03-29-15-28-57/SITE426_ORNT70_VIS8mi.png,8.0,8.0
SITE426,41,2024-08-24-13-47-04/SITE426_ORNT310_VIS5mi.png,5.0,8.0
SITE426,41,2024-06-27-13-32-21/SITE426_ORNT70_VIS15mi.png,10.0,10.0
SITE426,41,2024-08-24-10-27-52/SITE426_ORNT250_VIS5mi.png,5.0,6.0
SITE426,41,2024-06-20-14-40-34/SITE426_ORNT310_VIS20mi.png,10.0,10.0
SITE426,41,2024-08-01-10-54-34/SITE426_ORNT130_VIS20mi.png,10.0,10.0
SITE426,41,2024-06-10-18-34-10/SITE426_ORNT70_VIS30mi.png,10.0,10.0
SITE426,41,2024-12-29-16-00-12/SITE426_ORNT250_VIS6mi.png,6.0,6.0
SITE426,41,2024-07-29-17-46-25/SITE426_ORNT70_VIS2-25mi.png,2.0,6.0
SITE426,41,2025-01-31-13-49-43/SITE426_ORNT250_VIS6mi.png,6.0,6.0
SITE426,41,2024-10-06-14-34-22/SITE426_ORNT70_VIS20mi.png,10.0,10.0
SITE43,45,2024-08-15-16-44-48/SITE43_ORNT190_VIS1-25mi.png,1.0,1.0
SITE43,45,2024-05-07-15-42-07/SITE43_ORNT270_VIS1-75mi.png,1.0,4.0
SITE43,45,2024-08-26-16-02-03/SITE43_ORNT270_VIS8mi.png,8.0,8.0
SITE43,45,2024-07-18-11-32-15/SITE43_ORNT270_VIS7mi.png,7.0,7.0
SITE43,45,2024-07-14-13-28-24/SITE43_ORNT190_VIS8mi.png,8.0,8.0
SITE43,45,2024-09-18-18-13-42/SITE43_ORNT115_VIS6mi.png,6.0,7.0
SITE43,45,2024-08-01-13-32-05/SITE43_ORNT115_VIS4mi.png,4.0,8.0
SITE43,45,2024-08-01-13-32-05/SITE43_ORNT190_VIS4mi.png,4.0,8.0
SITE43,45,2025-02-01-17-30-02/SITE43_ORNT270_VIS7mi.png,7.0,1.0
SITE43,45,2024-08-01-10-54-34/SITE43_ORNT270_VIS3mi.png,3.0,1.0
SITE43,45,2024-06-06-17-01-51/SITE43_ORNT115_VIS5mi.png,5.0,5.0
SITE43,45,2025-02-05-13-59-56/SITE43_ORNT190_VIS2mi.png,2.0,1.0
SITE43,45,2024-07-04-13-27-11/SITE43_ORNT190_VIS1-25mi.png,1.0,1.0
SITE43,45,2024-07-26-10-22-16/SITE43_ORNT115_VIS2-5mi.png,2.0,3.0
SITE43,45,2024-05-08-14-34-39/SITE43_ORNT10_VIS4mi.png,4.0,1.0
SITE430,17,2025-03-15-15-41-34/SITE430_ORNT65_VIS2mi.png,2.0,1.0
SITE430,17,2024-09-20-16-20-08/SITE430_ORNT255_VIS15mi.png,10.0,10.0
SITE430,17,2025-02-14-15-24-27/SITE430_ORNT65_VIS1-5mi.png,1.0,1.0
SITE430,17,2024-10-19-10-55-55/SITE430_ORNT255_VIS60mi.png,10.0,10.0
SITE430,17,2025-03-28-10-38-15/SITE430_ORNT65_VIS3mi.png,3.0,3.0
SITE430,17,2025-01-17-15-10-02/SITE430_ORNT65_VIS8mi.png,8.0,8.0
SITE430,17,2024-06-10-14-33-22/SITE430_ORNT255_VIS60mi.png,10.0,10.0
SITE434,23,2024-07-25-10-00-39/SITE434_ORNT325_VIS1-25mi.png,1.0,2.0
SITE434,23,2024-09-08-13-07-06/SITE434_ORNT230_VIS7mi.png,7.0,4.0
SITE434,23,2024-09-07-13-37-18/SITE434_ORNT55_VIS8mi.png,8.0,8.0
SITE434,23,2024-07-23-10-10-08/SITE434_ORNT55_VIS4mi.png,4.0,4.0
SITE434,23,2024-07-25-10-00-39/SITE434_ORNT230_VIS1-25mi.png,1.0,4.0
SITE434,23,2025-03-26-12-24-08/SITE434_ORNT130_VIS3mi.png,3.0,7.0
SITE434,23,2024-07-28-11-17-19/SITE434_ORNT325_VIS4mi.png,4.0,4.0
SITE434,23,2025-02-05-13-59-56/SITE434_ORNT130_VIS10+mi.png,10.0,10.0
SITE434,23,2024-08-29-17-58-30/SITE434_ORNT230_VIS5mi.png,5.0,4.0
SITE435,19,2024-06-14-14-13-33/SITE435_ORNT235_VIS1-75mi.png,1.0,1.0
SITE435,19,2024-08-02-13-37-25/SITE435_ORNT90_VIS6mi.png,6.0,1.0
SITE435,19,2024-07-30-14-06-06/SITE435_ORNT15_VIS8mi.png,8.0,1.0
SITE435,19,2024-06-13-13-46-47/SITE435_ORNT15_VIS2mi.png,2.0,4.0
SITE435,19,2024-06-14-11-11-00/SITE435_ORNT15_VIS1-5mi.png,1.0,1.0
SITE435,19,2024-05-21-12-02-34/SITE435_ORNT170_VIS1-25mi.png,1.0,1.0
SITE435,19,2024-04-25-17-48-06/SITE435_ORNT170_VIS4mi.png,4.0,4.0
SITE435,19,2024-08-11-13-07-09/SITE435_ORNT170_VIS9mi.png,9.0,9.0
SITE435,19,2024-08-18-13-20-24/SITE435_ORNT170_VIS5mi.png,5.0,6.0
SITE437,35,2025-01-31-13-49-43/SITE437_ORNT340_VIS1-75mi.png,1.0,6.0
SITE437,35,2024-07-25-18-03-52/SITE437_ORNT110_VIS8mi.png,8.0,2.0
SITE437,35,2024-09-15-16-06-51/SITE437_ORNT260_VIS6mi.png,6.0,2.0
SITE437,35,2025-04-07-16-10-10/SITE437_ORNT110_VIS1-25mi.png,1.0,2.0
SITE437,35,2024-07-04-10-22-12/SITE437_ORNT340_VIS2mi.png,2.0,2.0
SITE437,35,2024-08-18-13-20-24/SITE437_ORNT110_VIS3mi.png,3.0,6.0
SITE437,35,2025-01-15-15-33-17/SITE437_ORNT195_VIS10+mi.png,10.0,10.0
SITE437,35,2025-01-28-16-10-28/SITE437_ORNT340_VIS3mi.png,3.0,10.0
SITE437,35,2025-03-01-18-07-41/SITE437_ORNT260_VIS4mi.png,4.0,10.0
SITE437,35,2025-03-15-15-41-34/SITE437_ORNT195_VIS6mi.png,6.0,6.0
SITE437,35,2024-08-30-17-21-54/SITE437_ORNT340_VIS2-5mi.png,2.0,7.0
SITE437,35,2024-07-25-10-00-39/SITE437_ORNT340_VIS4mi.png,4.0,2.0
SITE437,35,2024-08-15-16-44-48/SITE437_ORNT340_VIS2-5mi.png,2.0,2.0
SITE437,35,2024-08-02-13-37-25/SITE437_ORNT260_VIS6mi.png,6.0,6.0
SITE437,35,2024-07-14-13-28-24/SITE437_ORNT340_VIS5mi.png,5.0,2.0
SITE438,33,2024-08-18-13-20-24/SITE438_ORNT208_VIS4mi.png,4.0,4.0
SITE438,33,2024-05-14-16-18-20/SITE438_ORNT208_VIS4mi.png,4.0,2.0
SITE438,33,2024-08-02-13-37-25/SITE438_ORNT208_VIS6mi.png,6.0,5.0
SITE438,33,2024-08-15-16-44-48/SITE438_ORNT290_VIS1-5mi.png,1.0,1.0
SITE438,33,2024-08-15-16-44-48/SITE438_ORNT208_VIS1-5mi.png,1.0,2.0
SITE438,33,2024-09-27-16-12-40/SITE438_ORNT110_VIS3mi.png,3.0,2.0
SITE438,33,2024-08-18-19-28-16/SITE438_ORNT110_VIS5mi.png,5.0,7.0
SITE438,33,2024-12-24-15-14-57/SITE438_ORNT110_VIS3mi.png,3.0,1.0
SITE438,33,2024-07-04-13-27-11/SITE438_ORNT290_VIS2-5mi.png,2.0,4.0
SITE438,33,2025-02-01-17-30-02/SITE438_ORNT110_VIS8mi.png,8.0,2.0
SITE438,33,2024-08-02-20-27-22/SITE438_ORNT110_VIS7mi.png,7.0,4.0
SITE438,33,2024-09-15-16-06-51/SITE438_ORNT290_VIS2mi.png,2.0,2.0
SITE438,33,2024-07-04-10-22-12/SITE438_ORNT290_VIS3mi.png,3.0,4.0
SITE438,33,2024-05-23-15-19-49/SITE438_ORNT30_VIS6mi.png,6.0,4.0
SITE439,28,2024-07-22-20-17-56/SITE439_ORNT350_VIS6mi.png,6.0,8.0
SITE439,28,2024-07-05-14-33-31/SITE439_ORNT200_VIS4mi.png,4.0,4.0
SITE439,28,2024-06-01-11-15-19/SITE439_ORNT350_VIS5mi.png,5.0,9.0
SITE439,28,2024-07-28-11-17-19/SITE439_ORNT265_VIS7mi.png,7.0,4.0
SITE439,28,2024-05-21-12-02-34/SITE439_ORNT90_VIS5mi.png,5.0,4.0
SITE439,28,2025-03-20-11-55-50/SITE439_ORNT265_VIS9mi.png,9.0,9.0
SITE439,28,2025-04-02-15-05-32/SITE439_ORNT350_VIS8mi.png,8.0,8.0
SITE439,28,2024-08-15-16-44-48/SITE439_ORNT265_VIS4mi.png,4.0,4.0
SITE439,28,2024-08-15-16-44-48/SITE439_ORNT200_VIS4mi.png,4.0,4.0
SITE439,28,2025-04-13-19-09-12/SITE439_ORNT90_VIS1-75mi.png,1.0,1.0
SITE439,28,2025-03-18-13-52-55/SITE439_ORNT350_VIS1-5mi.png,1.0,1.0
SITE439,28,2025-04-10-17-56-44/SITE439_ORNT90_VIS10+mi.png,10.0,10.0
SITE442,43,2024-07-05-14-33-31/SITE442_ORNT210_VIS9mi.png,9.0,8.0
SITE442,43,2024-05-09-16-15-37/SITE442_ORNT40_VIS7mi.png,7.0,8.0
SITE442,43,2025-03-17-19-09-03/SITE442_ORNT40_VIS1-75mi.png,1.0,1.0
SITE442,43,2025-03-01-18-07-41/SITE442_ORNT40_VIS2mi.png,2.0,3.0
SITE442,43,2024-12-10-14-08-09/SITE442_ORNT210_VIS8mi.png,8.0,8.0
SITE442,43,2024-09-18-18-13-42/SITE442_ORNT120_VIS8mi.png,8.0,8.0
SITE442,43,2024-09-18-18-13-42/SITE442_ORNT40_VIS8mi.png,8.0,8.0
SITE442,43,2024-05-11-17-39-19/SITE442_ORNT40_VIS5mi.png,5.0,3.0
SITE442,43,2024-09-19-14-23-02/SITE442_ORNT210_VIS6mi.png,6.0,6.0
SITE442,43,2025-03-23-13-51-54/SITE442_ORNT210_VIS10+mi.png,10.0,10.0
SITE442,43,2025-03-26-12-24-08/SITE442_ORNT300_VIS3mi.png,3.0,3.0
SITE442,43,2024-06-16-11-08-10/SITE442_ORNT210_VIS7mi.png,7.0,5.0
SITE442,43,2025-02-16-12-49-10/SITE442_ORNT40_VIS2-5mi.png,2.0,3.0
SITE442,43,2024-07-14-10-21-23/SITE442_ORNT120_VIS1mi.png,1.0,1.0
SITE442,43,2024-12-17-16-15-56/SITE442_ORNT210_VIS3mi.png,3.0,3.0
SITE442,43,2024-10-07-14-17-08/SITE442_ORNT210_VIS8mi.png,8.0,8.0
SITE446,45,2024-06-10-10-43-57/SITE446_ORNT165_VIS1-75mi.png,1.0,1.0
SITE446,45,2024-08-11-13-07-09/SITE446_ORNT10_VIS7mi.png,7.0,8.0
SITE446,45,2024-10-11-15-41-13/SITE446_ORNT101_VIS2-5mi.png,2.0,8.0
SITE446,45,2024-06-29-15-18-41/SITE446_ORNT230_VIS6mi.png,6.0,2.0
SITE446,45,2024-07-07-11-04-33/SITE446_ORNT230_VIS4mi.png,4.0,8.0
SITE446,45,2025-03-31-13-29-12/SITE446_ORNT10_VIS3mi.png,3.0,3.0
SITE446,45,2025-01-31-13-49-43/SITE446_ORNT10_VIS1-5mi.png,1.0,1.0
SITE446,45,2024-12-27-14-55-32/SITE446_ORNT10_VIS5mi.png,5.0,3.0
SITE446,45,2024-06-27-13-32-21/SITE446_ORNT101_VIS2mi.png,2.0,3.0
SITE446,45,2025-03-11-17-13-52/SITE446_ORNT10_VIS1-5mi.png,1.0,1.0
SITE446,45,2024-07-22-20-17-56/SITE446_ORNT101_VIS8mi.png,8.0,8.0
SITE446,45,2024-09-15-16-06-51/SITE446_ORNT101_VIS8mi.png,8.0,2.0
SITE446,45,2024-08-16-20-03-50/SITE446_ORNT165_VIS8mi.png,8.0,8.0
SITE446,45,2025-03-31-15-41-11/SITE446_ORNT230_VIS3mi.png,3.0,5.0
SITE446,45,2025-03-17-19-09-03/SITE446_ORNT165_VIS10+mi.png,10.0,10.0
SITE446,45,2025-04-07-16-10-10/SITE446_ORNT10_VIS10+mi.png,10.0,10.0
SITE446,45,2024-12-27-14-55-32/SITE446_ORNT230_VIS5mi.png,5.0,5.0
SITE446,45,2024-12-23-15-38-40/SITE446_ORNT165_VIS3mi.png,3.0,10.0
SITE45,51,2024-08-01-13-32-05/SITE45_ORNT180_VIS4mi.png,4.0,7.0
SITE45,51,2025-03-06-15-10-58/SITE45_ORNT290_VIS1mi.png,1.0,1.0
SITE45,51,2024-06-03-13-44-33/SITE45_ORNT290_VIS7mi.png,7.0,7.0
SITE45,51,2024-09-08-13-07-06/SITE45_ORNT180_VIS1-5mi.png,1.0,7.0
SITE45,51,2024-07-25-18-03-52/SITE45_ORNT5_VIS5mi.png,5.0,7.0
SITE45,51,2024-08-18-13-20-24/SITE45_ORNT180_VIS6mi.png,6.0,7.0
SITE45,51,2025-04-01-16-59-16/SITE45_ORNT290_VIS1-5mi.png,1.0,1.0
SITE45,51,2025-03-29-15-28-57/SITE45_ORNT130_VIS3mi.png,3.0,1.0
SITE45,51,2024-08-02-10-36-13/SITE45_ORNT5_VIS8mi.png,8.0,4.0
SITE45,51,2025-01-17-15-10-02/SITE45_ORNT5_VIS1-25mi.png,1.0,3.0
SITE45,51,2024-07-04-10-22-12/SITE45_ORNT130_VIS1-75mi.png,1.0,4.0
SITE45,51,2024-09-15-16-06-51/SITE45_ORNT180_VIS2-5mi.png,2.0,7.0
SITE45,51,2025-03-01-18-07-41/SITE45_ORNT130_VIS3mi.png,3.0,3.0
SITE45,51,2024-08-01-13-32-05/SITE45_ORNT290_VIS4mi.png,4.0,7.0
SITE45,51,2025-03-04-14-20-15/SITE45_ORNT180_VIS7mi.png,7.0,3.0
SITE45,51,2024-07-07-15-01-32/SITE45_ORNT130_VIS7mi.png,7.0,4.0
SITE45,51,2024-08-24-13-47-04/SITE45_ORNT180_VIS3mi.png,3.0,7.0
SITE45,51,2025-02-15-16-53-20/SITE45_ORNT130_VIS10+mi.png,10.0,10.0
SITE45,51,2024-06-07-11-09-12/SITE45_ORNT5_VIS9mi.png,9.0,7.0
SITE454,18,2024-09-22-16-46-10/SITE454_ORNT90_VIS9mi.png,9.0,9.0
SITE454,18,2025-01-22-12-38-15/SITE454_ORNT0_VIS9mi.png,9.0,9.0
SITE454,18,2025-02-16-12-49-10/SITE454_ORNT90_VIS4mi.png,4.0,4.0
SITE454,18,2025-02-02-12-13-03/SITE454_ORNT90_VIS6mi.png,6.0,2.0
SITE454,18,2025-03-06-15-10-58/SITE454_ORNT90_VIS3mi.png,3.0,3.0
SITE454,18,2024-09-19-14-23-02/SITE454_ORNT90_VIS9mi.png,9.0,9.0
SITE455,19,2024-07-07-20-11-04/SITE455_ORNT90_VIS9mi.png,9.0,9.0
SITE455,19,2024-05-11-17-39-19/SITE455_ORNT0_VIS2mi.png,2.0,5.0
SITE455,19,2025-02-11-14-30-47/SITE455_ORNT0_VIS7mi.png,7.0,5.0
SITE455,19,2024-06-01-16-58-02/SITE455_ORNT180_VIS8mi.png,8.0,9.0
SITE455,19,2024-07-30-14-06-06/SITE455_ORNT0_VIS3mi.png,3.0,6.0
SITE455,19,2024-10-08-11-05-48/SITE455_ORNT0_VIS15mi.png,10.0,9.0
SITE455,19,2025-02-12-14-37-35/SITE455_ORNT0_VIS6mi.png,6.0,10.0
SITE463,16,2024-12-23-15-38-40/SITE463_ORNT230_VIS5mi.png,5.0,10.0
SITE463,16,2024-07-02-16-22-41/SITE463_ORNT340_VIS15mi.png,10.0,10.0
SITE463,16,2025-02-27-11-22-46/SITE463_ORNT230_VIS3mi.png,3.0,3.0
SITE463,16,2024-06-06-10-38-22/SITE463_ORNT230_VIS8mi.png,8.0,10.0
SITE463,16,2024-10-06-12-31-10/SITE463_ORNT340_VIS15mi.png,10.0,10.0
SITE464,24,2024-07-24-16-43-44/SITE464_ORNT90_VIS9mi.png,9.0,9.0
SITE464,24,2025-03-31-13-29-12/SITE464_ORNT270_VIS3mi.png,3.0,9.0
SITE464,24,2024-12-16-12-39-30/SITE464_ORNT90_VIS1-25mi.png,1.0,1.0
SITE464,24,2024-04-25-17-48-06/SITE464_ORNT90_VIS9mi.png,9.0,9.0
SITE464,24,2024-06-14-14-13-33/SITE464_ORNT270_VIS9mi.png,9.0,9.0
SITE464,24,2024-10-07-14-17-08/SITE464_ORNT270_VIS5mi.png,5.0,3.0
SITE468,17,2025-02-12-14-37-35/SITE468_ORNT325_VIS3mi.png,3.0,3.0
SITE468,17,2024-07-25-10-00-39/SITE468_ORNT260_VIS6mi.png,6.0,6.0
SITE468,17,2025-01-31-13-49-43/SITE468_ORNT80_VIS1mi.png,1.0,3.0
SITE468,17,2025-03-20-11-55-50/SITE468_ORNT260_VIS8mi.png,8.0,6.0
SITE468,17,2024-07-05-10-36-13/SITE468_ORNT170_VIS6mi.png,6.0,6.0
SITE471,39,2024-07-18-14-04-18/SITE471_ORNT0_VIS9mi.png,9.0,9.0
SITE471,39,2025-01-15-12-14-16/SITE471_ORNT255_VIS3mi.png,3.0,6.0
SITE471,39,2024-07-27-10-27-08/SITE471_ORNT90_VIS6mi.png,6.0,9.0
SITE471,39,2024-04-30-13-21-52/SITE471_ORNT180_VIS6mi.png,6.0,6.0
SITE471,39,2024-08-24-10-27-52/SITE471_ORNT0_VIS1-5mi.png,1.0,2.0
SITE471,39,2025-01-26-15-53-06/SITE471_ORNT0_VIS8mi.png,8.0,2.0
SITE471,39,2025-02-10-14-47-56/SITE471_ORNT180_VIS2-25mi.png,2.0,9.0
SITE471,39,2025-02-27-11-22-46/SITE471_ORNT255_VIS6mi.png,6.0,9.0
SITE471,39,2025-01-23-15-05-27/SITE471_ORNT90_VIS9mi.png,9.0,9.0
SITE471,39,2025-04-16-13-54-24/SITE471_ORNT180_VIS9mi.png,9.0,9.0
SITE471,39,2025-01-26-13-23-03/SITE471_ORNT0_VIS2-5mi.png,2.0,1.0
SITE471,39,2024-08-24-13-47-04/SITE471_ORNT255_VIS1-5mi.png,1.0,1.0
SITE471,39,2025-05-09-20-05-35/SITE471_ORNT90_VIS9mi.png,9.0,9.0
SITE471,39,2025-03-03-11-33-30/SITE471_ORNT255_VIS5mi.png,5.0,2.0
SITE471,39,2024-06-15-14-23-40/SITE471_ORNT255_VIS9mi.png,9.0,9.0
SITE474,16,2025-03-02-13-12-40/SITE474_ORNT180_VIS9mi.png,9.0,9.0
SITE474,16,2025-01-15-15-33-17/SITE474_ORNT270_VIS5mi.png,5.0,6.0
SITE474,16,2024-08-24-13-47-04/SITE474_ORNT270_VIS8mi.png,8.0,5.0
SITE474,16,2024-10-06-17-04-59/SITE474_ORNT270_VIS2-25mi.png,2.0,5.0
SITE474,16,2024-12-23-15-38-40/SITE474_ORNT270_VIS6mi.png,6.0,3.0
SITE474,16,2025-03-11-17-13-52/SITE474_ORNT180_VIS9mi.png,9.0,9.0
SITE477,31,2024-10-14-13-08-27/SITE477_ORNT50_VIS8mi.png,8.0,5.0
SITE477,31,2025-03-02-11-48-27/SITE477_ORNT340_VIS9mi.png,9.0,9.0
SITE477,31,2025-03-20-11-55-50/SITE477_ORNT50_VIS2-25mi.png,2.0,9.0
SITE477,31,2024-07-26-10-22-16/SITE477_ORNT160_VIS9mi.png,9.0,9.0
SITE477,31,2025-03-17-19-09-03/SITE477_ORNT340_VIS9mi.png,9.0,9.0
SITE477,31,2025-01-29-12-01-12/SITE477_ORNT160_VIS4mi.png,4.0,4.0
SITE477,31,2025-03-26-14-35-40/SITE477_ORNT50_VIS9mi.png,9.0,9.0
SITE477,31,2024-10-06-12-31-10/SITE477_ORNT340_VIS3mi.png,3.0,5.0
SITE477,31,2025-01-31-13-49-43/SITE477_ORNT340_VIS5mi.png,5.0,5.0
SITE48,33,2024-07-25-18-03-52/SITE48_ORNT115_VIS5mi.png,5.0,5.0
SITE48,33,2024-08-02-20-27-22/SITE48_ORNT115_VIS4mi.png,4.0,5.0
SITE48,33,2024-08-18-19-28-16/SITE48_ORNT275_VIS6mi.png,6.0,5.0
SITE48,33,2025-03-31-15-41-11/SITE48_ORNT115_VIS1mi.png,1.0,3.0
SITE48,33,2025-03-31-15-41-11/SITE48_ORNT210_VIS1mi.png,1.0,1.0
SITE48,33,2025-03-02-13-12-40/SITE48_ORNT20_VIS3mi.png,3.0,5.0
SITE48,33,2024-04-25-17-48-06/SITE48_ORNT275_VIS5mi.png,5.0,5.0
SITE48,33,2024-05-08-14-34-39/SITE48_ORNT210_VIS2-5mi.png,2.0,3.0
SITE48,33,2024-07-05-10-36-13/SITE48_ORNT115_VIS2mi.png,2.0,5.0
SITE48,33,2025-04-07-16-10-10/SITE48_ORNT20_VIS10+mi.png,10.0,10.0
SITE48,33,2024-07-14-13-28-24/SITE48_ORNT115_VIS7mi.png,7.0,5.0
SITE48,33,2025-02-17-14-46-26/SITE48_ORNT275_VIS1-75mi.png,1.0,1.0
SITE48,33,2025-03-02-13-12-40/SITE48_ORNT275_VIS3mi.png,3.0,10.0
SITE48,33,2024-08-01-13-32-05/SITE48_ORNT210_VIS8mi.png,8.0,5.0
SITE48,33,2025-01-23-15-05-27/SITE48_ORNT20_VIS5mi.png,5.0,1.0
SITE483,18,2025-01-22-12-38-15/SITE483_ORNT5_VIS5mi.png,5.0,3.0
SITE483,18,2024-12-27-14-55-32/SITE483_ORNT5_VIS3mi.png,3.0,3.0
SITE483,18,2024-07-23-10-10-08/SITE483_ORNT5_VIS20mi.png,10.0,10.0
SITE483,18,2025-01-23-15-05-27/SITE483_ORNT95_VIS6mi.png,6.0,10.0
SITE483,18,2024-06-29-10-50-12/SITE483_ORNT275_VIS8mi.png,8.0,8.0
SITE483,18,2025-04-13-19-09-12/SITE483_ORNT275_VIS4mi.png,4.0,5.0
SITE483,18,2025-03-05-12-08-53/SITE483_ORNT95_VIS3mi.png,3.0,3.0
SITE483,18,2024-07-14-13-28-24/SITE483_ORNT275_VIS20mi.png,10.0,10.0
SITE485,29,2024-12-10-14-08-09/SITE485_ORNT210_VIS3mi.png,3.0,1.0
SITE485,29,2024-05-03-12-14-06/SITE485_ORNT20_VIS15mi.png,10.0,9.0
SITE485,29,2025-03-11-17-13-52/SITE485_ORNT210_VIS1mi.png,1.0,1.0
SITE485,29,2025-02-04-15-47-48/SITE485_ORNT20_VIS4mi.png,4.0,3.0
SITE485,29,2024-04-25-17-48-06/SITE485_ORNT20_VIS6mi.png,6.0,10.0
SITE485,29,2025-03-06-15-10-58/SITE485_ORNT210_VIS2mi.png,2.0,1.0
SITE485,29,2024-07-26-10-22-16/SITE485_ORNT20_VIS15mi.png,10.0,10.0
SITE485,29,2025-03-11-17-13-52/SITE485_ORNT20_VIS1mi.png,1.0,2.0
SITE485,29,2025-03-28-10-38-15/SITE485_ORNT20_VIS3mi.png,3.0,3.0
SITE486,19,2024-08-02-13-37-25/SITE486_ORNT0_VIS9mi.png,9.0,9.0
SITE486,19,2024-07-23-16-31-18/SITE486_ORNT0_VIS4mi.png,4.0,4.0
SITE486,19,2024-08-29-14-11-27/SITE486_ORNT285_VIS9mi.png,9.0,9.0
SITE486,19,2024-06-10-18-34-10/SITE486_ORNT220_VIS9mi.png,9.0,9.0
SITE486,19,2025-02-17-14-46-26/SITE486_ORNT0_VIS5mi.png,5.0,4.0
SITE49,20,2024-05-03-12-14-06/SITE49_ORNT265_VIS5mi.png,5.0,4.0
SITE49,20,2024-04-25-17-48-06/SITE49_ORNT315_VIS7mi.png,7.0,4.0
SITE49,20,2024-07-07-11-04-33/SITE49_ORNT315_VIS6mi.png,6.0,6.0
SITE49,20,2024-05-28-11-05-32/SITE49_ORNT15_VIS3mi.png,3.0,8.0
SITE49,20,2024-06-09-10-51-06/SITE49_ORNT15_VIS4mi.png,4.0,4.0
SITE49,20,2025-01-23-15-05-27/SITE49_ORNT315_VIS8mi.png,8.0,6.0
SITE49,20,2024-07-25-18-03-52/SITE49_ORNT15_VIS4mi.png,4.0,4.0
SITE49,20,2025-04-13-19-09-12/SITE49_ORNT15_VIS2-5mi.png,2.0,1.0
SITE49,20,2024-07-07-11-04-33/SITE49_ORNT15_VIS6mi.png,6.0,6.0
SITE49,20,2025-03-01-18-07-41/SITE49_ORNT315_VIS1-75mi.png,1.0,1.0
SITE490,31,2025-02-14-15-24-27/SITE490_ORNT110_VIS8mi.png,8.0,9.0
SITE490,31,2025-02-04-15-47-48/SITE490_ORNT110_VIS5mi.png,5.0,3.0
SITE490,31,2024-06-09-10-51-06/SITE490_ORNT110_VIS6mi.png,6.0,9.0
SITE490,31,2025-03-02-11-48-27/SITE490_ORNT280_VIS2-25mi.png,2.0,3.0
SITE490,31,2025-02-05-13-59-56/SITE490_ORNT110_VIS7mi.png,7.0,9.0
SITE490,31,2025-02-19-12-18-05/SITE490_ORNT360_VIS3mi.png,3.0,6.0
SITE490,31,2024-06-01-16-58-02/SITE490_ORNT200_VIS9mi.png,9.0,9.0
SITE490,31,2024-07-24-16-43-44/SITE490_ORNT280_VIS9mi.png,9.0,9.0
SITE490,31,2025-03-05-12-08-53/SITE490_ORNT200_VIS5mi.png,5.0,6.0
SITE490,31,2025-03-02-13-12-40/SITE490_ORNT280_VIS6mi.png,6.0,6.0
SITE490,31,2024-09-27-16-12-40/SITE490_ORNT110_VIS9mi.png,9.0,9.0
SITE492,19,2025-04-16-13-54-24/SITE492_ORNT115_VIS15mi.png,10.0,9.0
SITE492,19,2024-05-23-15-19-49/SITE492_ORNT290_VIS9mi.png,9.0,9.0
SITE492,19,2025-02-01-12-44-07/SITE492_ORNT115_VIS6mi.png,6.0,6.0
SITE492,19,2024-10-06-12-31-10/SITE492_ORNT20_VIS9mi.png,9.0,9.0
SITE492,19,2024-06-15-10-59-58/SITE492_ORNT115_VIS6mi.png,6.0,6.0
SITE5,26,2025-01-28-16-10-28/SITE5_ORNT155_VIS6mi.png,6.0,7.0
SITE5,26,2024-07-27-10-27-08/SITE5_ORNT320_VIS3mi.png,3.0,3.0
SITE5,26,2024-08-01-10-54-34/SITE5_ORNT155_VIS5mi.png,5.0,1.0
SITE5,26,2024-08-02-10-36-13/SITE5_ORNT50_VIS6mi.png,6.0,3.0
SITE5,26,2025-02-14-15-24-27/SITE5_ORNT50_VIS2-5mi.png,2.0,2.0
SITE5,26,2025-03-26-14-35-40/SITE5_ORNT155_VIS7mi.png,7.0,7.0
SITE5,26,2025-03-06-15-10-58/SITE5_ORNT230_VIS4mi.png,4.0,6.0
SITE5,26,2024-08-29-17-58-30/SITE5_ORNT320_VIS1mi.png,1.0,1.0
SITE5,26,2025-04-16-13-54-24/SITE5_ORNT155_VIS1-25mi.png,1.0,1.0
SITE5,26,2025-03-01-18-07-41/SITE5_ORNT230_VIS2-5mi.png,2.0,2.0
SITE5,26,2025-04-02-15-05-32/SITE5_ORNT320_VIS8mi.png,8.0,7.0
SITE50,20,2025-03-18-13-52-55/SITE50_ORNT103_VIS7mi.png,7.0,7.0
SITE50,20,2025-03-06-15-10-58/SITE50_ORNT265_VIS3mi.png,3.0,2.0
SITE50,20,2024-06-20-11-19-17/SITE50_ORNT265_VIS2-5mi.png,2.0,2.0
SITE50,20,2024-12-20-15-16-09/SITE50_ORNT265_VIS10+mi.png,10.0,10.0
SITE50,20,2025-04-10-17-56-44/SITE50_ORNT103_VIS10+mi.png,10.0,10.0
SITE50,20,2025-04-01-16-59-16/SITE50_ORNT265_VIS4mi.png,4.0,2.0
SITE506,28,2024-06-30-10-21-08/SITE506_ORNT90_VIS9mi.png,9.0,9.0
SITE506,28,2025-03-06-15-10-58/SITE506_ORNT0_VIS6mi.png,6.0,6.0
SITE506,28,2025-03-03-11-33-30/SITE506_ORNT180_VIS9mi.png,9.0,9.0
SITE506,28,2024-06-18-18-07-05/SITE506_ORNT90_VIS6mi.png,6.0,9.0
SITE506,28,2025-04-16-13-54-24/SITE506_ORNT270_VIS9mi.png,9.0,9.0
SITE506,28,2025-04-02-15-05-32/SITE506_ORNT180_VIS9mi.png,9.0,9.0
SITE506,28,2025-03-31-15-41-11/SITE506_ORNT0_VIS1-75mi.png,1.0,6.0
SITE506,28,2024-06-18-18-07-05/SITE506_ORNT180_VIS6mi.png,6.0,9.0
SITE508,72,2024-12-09-12-13-38/SITE508_ORNT315_VIS1-25mi.png,1.0,8.0
SITE508,72,2024-04-25-17-48-06/SITE508_ORNT315_VIS9mi.png,9.0,9.0
SITE508,72,2024-06-07-15-28-05/SITE508_ORNT135_VIS8mi.png,8.0,8.0
SITE508,72,2024-07-29-17-46-25/SITE508_ORNT135_VIS9mi.png,9.0,9.0
SITE508,72,2024-07-18-14-04-18/SITE508_ORNT135_VIS7mi.png,7.0,9.0
SITE508,72,2024-05-22-13-05-54/SITE508_ORNT135_VIS9mi.png,9.0,9.0
SITE508,72,2024-08-18-13-20-24/SITE508_ORNT135_VIS5mi.png,5.0,2.0
SITE508,72,2024-12-03-11-18-04/SITE508_ORNT45_VIS3mi.png,3.0,9.0
SITE508,72,2024-07-05-10-36-13/SITE508_ORNT45_VIS9mi.png,9.0,7.0
SITE508,72,2025-03-02-13-12-40/SITE508_ORNT225_VIS9mi.png,9.0,9.0
SITE508,72,2025-02-01-12-44-07/SITE508_ORNT225_VIS1-25mi.png,1.0,2.0
SITE508,72,2024-09-08-16-00-24/SITE508_ORNT135_VIS7mi.png,7.0,9.0
SITE508,72,2024-07-25-18-03-52/SITE508_ORNT45_VIS4mi.png,4.0,9.0
SITE508,72,2024-08-24-10-27-52/SITE508_ORNT225_VIS2mi.png,2.0,2.0
SITE508,72,2024-09-07-13-37-18/SITE508_ORNT225_VIS6mi.png,6.0,9.0
SITE508,72,2024-07-23-10-10-08/SITE508_ORNT225_VIS6mi.png,6.0,2.0
SITE508,72,2024-07-18-11-32-15/SITE508_ORNT45_VIS2-5mi.png,2.0,6.0
SITE508,72,2025-03-11-17-13-52/SITE508_ORNT135_VIS3mi.png,3.0,2.0
SITE508,72,2024-06-27-13-32-21/SITE508_ORNT315_VIS9mi.png,9.0,9.0
SITE508,72,2025-02-12-14-37-35/SITE508_ORNT225_VIS5mi.png,5.0,2.0
SITE508,72,2025-04-16-13-54-24/SITE508_ORNT45_VIS2mi.png,2.0,8.0
SITE508,72,2024-08-26-16-02-03/SITE508_ORNT315_VIS9mi.png,9.0,9.0
SITE508,72,2024-07-24-16-43-44/SITE508_ORNT45_VIS2-25mi.png,2.0,5.0
SITE508,72,2024-07-26-10-22-16/SITE508_ORNT225_VIS8mi.png,8.0,9.0
SITE520,40,2025-04-16-13-54-24/SITE520_ORNT0_VIS9mi.png,9.0,9.0
SITE520,40,2025-01-28-16-10-28/SITE520_ORNT90_VIS4mi.png,4.0,5.0
SITE520,40,2025-03-04-14-20-15/SITE520_ORNT90_VIS6mi.png,6.0,9.0
SITE520,40,2024-12-16-12-39-30/SITE520_ORNT270_VIS6mi.png,6.0,3.0
SITE520,40,2024-12-27-14-55-32/SITE520_ORNT180_VIS2mi.png,2.0,2.0
SITE520,40,2024-07-28-11-17-19/SITE520_ORNT270_VIS8mi.png,8.0,8.0
SITE520,40,2024-08-02-13-37-25/SITE520_ORNT270_VIS3mi.png,3.0,9.0
SITE520,40,2025-03-03-11-33-30/SITE520_ORNT270_VIS5mi.png,5.0,3.0
SITE520,40,2024-06-14-11-11-00/SITE520_ORNT270_VIS9mi.png,9.0,9.0
SITE520,40,2024-06-23-11-02-14/SITE520_ORNT270_VIS9mi.png,9.0,9.0
SITE520,40,2025-02-10-14-47-56/SITE520_ORNT90_VIS3mi.png,3.0,3.0
SITE520,40,2025-01-26-15-53-06/SITE520_ORNT0_VIS1-25mi.png,1.0,3.0
SITE520,40,2024-06-03-13-44-33/SITE520_ORNT0_VIS9mi.png,9.0,9.0
SITE520,40,2025-02-12-14-37-35/SITE520_ORNT0_VIS5mi.png,5.0,5.0
SITE520,40,2024-10-19-10-55-55/SITE520_ORNT180_VIS9mi.png,9.0,9.0
SITE521,34,2025-03-31-15-41-11/SITE521_ORNT240_VIS1-25mi.png,1.0,1.0
SITE521,34,2025-01-23-15-05-27/SITE521_ORNT325_VIS6mi.png,6.0,2.0
SITE521,34,2024-05-03-12-14-06/SITE521_ORNT325_VIS30mi.png,10.0,10.0
SITE521,34,2025-01-17-15-10-02/SITE521_ORNT325_VIS5mi.png,5.0,8.0
SITE521,34,2025-02-11-14-30-47/SITE521_ORNT60_VIS8mi.png,8.0,4.0
SITE521,34,2025-02-04-15-47-48/SITE521_ORNT150_VIS25mi.png,10.0,10.0
SITE521,34,2025-02-19-12-18-05/SITE521_ORNT240_VIS8mi.png,8.0,10.0
SITE521,34,2025-03-31-13-29-12/SITE521_ORNT240_VIS1-5mi.png,1.0,1.0
SITE521,34,2024-12-16-12-39-30/SITE521_ORNT240_VIS2mi.png,2.0,1.0
SITE521,34,2025-03-11-17-13-52/SITE521_ORNT240_VIS4mi.png,4.0,4.0
SITE521,34,2025-01-31-13-49-43/SITE521_ORNT325_VIS30mi.png,10.0,10.0
SITE521,34,2025-01-29-12-01-12/SITE521_ORNT60_VIS3mi.png,3.0,4.0
SITE521,34,2024-07-14-13-28-24/SITE521_ORNT325_VIS20mi.png,10.0,10.0
SITE521,34,2025-01-26-13-23-03/SITE521_ORNT60_VIS4mi.png,4.0,4.0
SITE521,34,2025-03-05-12-08-53/SITE521_ORNT240_VIS2-25mi.png,2.0,2.0
SITE522,48,2025-02-01-12-44-07/SITE522_ORNT270_VIS2mi.png,2.0,2.0
SITE522,48,2024-07-07-15-01-32/SITE522_ORNT90_VIS9mi.png,9.0,9.0
SITE522,48,2024-08-26-16-02-03/SITE522_ORNT0_VIS9mi.png,9.0,9.0
SITE522,48,2025-02-17-14-46-26/SITE522_ORNT270_VIS5mi.png,5.0,6.0
SITE522,48,2024-06-16-15-28-51/SITE522_ORNT270_VIS7mi.png,7.0,9.0
SITE522,48,2025-02-15-15-20-00/SITE522_ORNT90_VIS3mi.png,3.0,2.0
SITE522,48,2024-05-11-17-39-19/SITE522_ORNT270_VIS2-5mi.png,2.0,2.0
SITE522,48,2024-09-19-16-37-08/SITE522_ORNT0_VIS9mi.png,9.0,9.0
SITE522,48,2024-07-23-16-31-18/SITE522_ORNT270_VIS6mi.png,6.0,2.0
SITE522,48,2025-02-02-12-13-03/SITE522_ORNT90_VIS6mi.png,6.0,6.0
SITE522,48,2024-10-13-12-27-42/SITE522_ORNT270_VIS9mi.png,9.0,9.0
SITE522,48,2024-07-25-10-00-39/SITE522_ORNT90_VIS5mi.png,5.0,9.0
SITE522,48,2025-03-04-14-20-15/SITE522_ORNT90_VIS9mi.png,9.0,9.0
SITE522,48,2024-06-01-16-58-02/SITE522_ORNT0_VIS9mi.png,9.0,9.0
SITE522,48,2024-07-24-16-43-44/SITE522_ORNT90_VIS4mi.png,4.0,5.0
SITE528,31,2024-05-11-17-39-19/SITE528_ORNT35_VIS9mi.png,9.0,9.0
SITE528,31,2025-03-02-13-12-40/SITE528_ORNT35_VIS7mi.png,7.0,6.0
SITE528,31,2025-02-27-11-22-46/SITE528_ORNT120_VIS6mi.png,6.0,6.0
SITE528,31,2024-07-04-13-27-11/SITE528_ORNT235_VIS9mi.png,9.0,9.0
SITE528,31,2024-12-16-12-39-30/SITE528_ORNT120_VIS5mi.png,5.0,6.0
SITE528,31,2025-03-05-12-08-53/SITE528_ORNT235_VIS9mi.png,9.0,9.0
SITE528,31,2024-07-04-10-22-12/SITE528_ORNT235_VIS9mi.png,9.0,9.0
SITE528,31,2024-07-24-16-43-44/SITE528_ORNT310_VIS3mi.png,3.0,3.0
SITE528,31,2024-07-24-16-43-44/SITE528_ORNT35_VIS3mi.png,3.0,3.0
SITE53,33,2024-07-07-15-01-32/SITE53_ORNT170_VIS4mi.png,4.0,7.0
SITE53,33,2025-02-10-14-47-56/SITE53_ORNT115_VIS3mi.png,3.0,3.0
SITE53,33,2024-09-08-16-00-24/SITE53_ORNT15_VIS4mi.png,4.0,4.0
SITE53,33,2024-07-28-11-17-19/SITE53_ORNT223_VIS2mi.png,2.0,2.0
SITE53,33,2024-08-30-17-21-54/SITE53_ORNT170_VIS1-5mi.png,1.0,2.0
SITE53,33,2025-02-17-14-46-26/SITE53_ORNT223_VIS8mi.png,8.0,4.0
SITE53,33,2025-02-11-14-30-47/SITE53_ORNT223_VIS4mi.png,4.0,4.0
SITE53,33,2024-08-15-16-44-48/SITE53_ORNT15_VIS2mi.png,2.0,4.0
SITE53,33,2025-02-14-15-24-27/SITE53_ORNT170_VIS5mi.png,5.0,7.0
SITE53,33,2025-04-14-19-44-02/SITE53_ORNT170_VIS10+mi.png,10.0,7.0
SITE53,33,2024-07-28-11-17-19/SITE53_ORNT15_VIS2mi.png,2.0,2.0
SITE53,33,2024-05-21-12-02-34/SITE53_ORNT223_VIS3mi.png,3.0,2.0
SITE53,33,2024-06-03-13-44-33/SITE53_ORNT15_VIS7mi.png,7.0,7.0
SITE538,17,2025-04-01-16-59-16/SITE538_ORNT21_VIS10+mi.png,10.0,10.0
SITE538,17,2025-03-06-15-10-58/SITE538_ORNT139_VIS1-25mi.png,1.0,1.0
SITE538,17,2024-12-17-16-15-56/SITE538_ORNT258_VIS10+mi.png,10.0,10.0
SITE538,17,2025-02-15-16-53-20/SITE538_ORNT192_VIS7mi.png,7.0,7.0
SITE538,17,2024-10-19-10-55-55/SITE538_ORNT258_VIS3mi.png,3.0,10.0
SITE538,17,2024-12-27-14-55-32/SITE538_ORNT139_VIS1-75mi.png,1.0,1.0
SITE538,17,2025-03-15-15-41-34/SITE538_ORNT139_VIS5mi.png,5.0,7.0
SITE539,15,2024-10-13-15-24-41/SITE539_ORNT205_VIS10+mi.png,10.0,10.0
SITE539,15,2025-03-18-13-52-55/SITE539_ORNT40_VIS3mi.png,3.0,5.0
SITE539,15,2025-04-01-16-59-16/SITE539_ORNT205_VIS4mi.png,4.0,4.0
SITE539,15,2024-10-18-12-30-03/SITE539_ORNT205_VIS5mi.png,5.0,10.0
SITE539,15,2024-10-19-10-55-55/SITE539_ORNT110_VIS10+mi.png,10.0,4.0
SITE541,19,2024-12-10-14-08-09/SITE541_ORNT170_VIS3mi.png,3.0,8.0
SITE541,19,2025-03-03-11-33-30/SITE541_ORNT255_VIS10+mi.png,10.0,10.0
SITE541,19,2025-01-22-12-38-15/SITE541_ORNT255_VIS1-25mi.png,1.0,1.0
SITE541,19,2025-03-06-15-10-58/SITE541_ORNT255_VIS6mi.png,6.0,9.0
SITE541,19,2024-05-11-17-39-19/SITE541_ORNT170_VIS5mi.png,5.0,5.0
SITE541,19,2025-03-23-13-51-54/SITE541_ORNT170_VIS10+mi.png,10.0,10.0
SITE541,19,2024-11-19-11-24-38/SITE541_ORNT255_VIS3mi.png,3.0,3.0
SITE541,19,2024-05-07-15-42-07/SITE541_ORNT350_VIS1-75mi.png,1.0,1.0
SITE542,18,2024-11-19-11-24-38/SITE542_ORNT80_VIS6mi.png,6.0,6.0
SITE542,18,2024-05-01-16-21-18/SITE542_ORNT350_VIS7mi.png,7.0,6.0
SITE542,18,2024-11-19-11-24-38/SITE542_ORNT140_VIS6mi.png,6.0,6.0
SITE542,18,2025-02-15-15-20-00/SITE542_ORNT140_VIS1-5mi.png,1.0,1.0
SITE542,18,2025-03-18-13-52-55/SITE542_ORNT350_VIS3mi.png,3.0,1.0
SITE542,18,2025-01-15-15-33-17/SITE542_ORNT305_VIS10+mi.png,10.0,10.0
SITE542,18,2024-12-09-12-13-38/SITE542_ORNT350_VIS1-5mi.png,1.0,1.0
SITE545,23,2024-09-19-14-23-02/SITE545_ORNT20_VIS8mi.png,8.0,10.0
SITE545,23,2025-03-05-12-08-53/SITE545_ORNT320_VIS10+mi.png,10.0,10.0
SITE545,23,2024-10-13-15-24-41/SITE545_ORNT95_VIS10+mi.png,10.0,8.0
SITE545,23,2024-09-08-16-00-24/SITE545_ORNT240_VIS5mi.png,5.0,8.0
SITE545,23,2024-07-23-16-31-18/SITE545_ORNT95_VIS8mi.png,8.0,8.0
SITE545,23,2024-05-07-15-42-07/SITE545_ORNT20_VIS1-25mi.png,1.0,1.0
SITE545,23,2024-07-22-20-17-56/SITE545_ORNT20_VIS7mi.png,7.0,8.0
SITE545,23,2024-09-20-16-20-08/SITE545_ORNT95_VIS4mi.png,4.0,4.0
SITE557,48,2024-07-23-16-31-18/SITE557_ORNT100_VIS6mi.png,6.0,6.0
SITE557,48,2025-01-17-15-10-02/SITE557_ORNT291_VIS1mi.png,1.0,2.0
SITE557,48,2025-01-17-15-10-02/SITE557_ORNT191_VIS1mi.png,1.0,1.0
SITE557,48,2024-07-22-11-13-59/SITE557_ORNT8_VIS5mi.png,5.0,6.0
SITE557,48,2024-07-25-18-03-52/SITE557_ORNT291_VIS6mi.png,6.0,8.0
SITE557,48,2024-12-09-12-13-38/SITE557_ORNT8_VIS10+mi.png,10.0,8.0
SITE557,48,2024-09-02-17-43-28/SITE557_ORNT100_VIS4mi.png,4.0,6.0
SITE557,48,2024-07-23-13-08-12/SITE557_ORNT8_VIS8mi.png,8.0,8.0
SITE557,48,2025-02-16-12-49-10/SITE557_ORNT8_VIS2-5mi.png,2.0,1.0
SITE557,48,2024-07-28-13-48-26/SITE557_ORNT100_VIS7mi.png,7.0,8.0
SITE557,48,2024-09-08-16-00-24/SITE557_ORNT8_VIS3mi.png,3.0,6.0
SITE557,48,2025-02-02-12-13-03/SITE557_ORNT191_VIS1-75mi.png,1.0,2.0
SITE557,48,2025-02-10-14-47-56/SITE557_ORNT291_VIS5mi.png,5.0,10.0
SITE557,48,2024-07-23-10-10-08/SITE557_ORNT291_VIS6mi.png,6.0,6.0
SITE557,48,2024-07-29-17-46-25/SITE557_ORNT100_VIS8mi.png,8.0,6.0
SITE557,48,2024-07-28-13-48-26/SITE557_ORNT191_VIS7mi.png,7.0,8.0
SITE561,26,2024-12-17-16-15-56/SITE561_ORNT350_VIS6mi.png,6.0,2.0
SITE561,26,2025-03-03-11-33-30/SITE561_ORNT275_VIS2mi.png,2.0,4.0
SITE561,26,2024-05-07-15-42-07/SITE561_ORNT350_VIS3mi.png,3.0,4.0
SITE561,26,2025-04-01-16-59-16/SITE561_ORNT145_VIS7mi.png,7.0,2.0
SITE561,26,2025-04-16-13-54-24/SITE561_ORNT60_VIS10+mi.png,10.0,10.0
SITE561,26,2025-03-28-10-38-15/SITE561_ORNT275_VIS5mi.png,5.0,7.0
SITE561,26,2025-02-16-12-49-10/SITE561_ORNT145_VIS4mi.png,4.0,7.0
SITE561,26,2025-02-01-12-44-07/SITE561_ORNT60_VIS10+mi.png,10.0,10.0
SITE561,26,2024-05-07-15-42-07/SITE561_ORNT275_VIS3mi.png,3.0,4.0
SITE561,26,2024-12-29-16-00-12/SITE561_ORNT60_VIS2-5mi.png,2.0,2.0
SITE561,26,2025-04-01-16-59-16/SITE561_ORNT60_VIS7mi.png,7.0,2.0
SITE561,26,2025-01-17-15-10-02/SITE561_ORNT275_VIS1mi.png,1.0,2.0
SITE561,26,2024-09-18-18-13-42/SITE561_ORNT275_VIS1-75mi.png,1.0,2.0
SITE561,26,2024-07-22-11-13-59/SITE561_ORNT145_VIS8mi.png,8.0,7.0
SITE563,21,2024-07-29-17-46-25/SITE563_ORNT5_VIS8mi.png,8.0,8.0
SITE563,21,2024-12-23-15-38-40/SITE563_ORNT135_VIS10+mi.png,10.0,10.0
SITE563,21,2024-07-28-11-17-19/SITE563_ORNT5_VIS8mi.png,8.0,8.0
SITE563,21,2024-05-08-14-34-39/SITE563_ORNT270_VIS3mi.png,3.0,3.0
SITE563,21,2024-10-07-14-17-08/SITE563_ORNT270_VIS7mi.png,7.0,8.0
SITE563,21,2024-05-23-15-19-49/SITE563_ORNT5_VIS2-5mi.png,2.0,3.0
SITE563,21,2025-04-02-15-05-32/SITE563_ORNT5_VIS6mi.png,6.0,10.0
SITE563,21,2024-06-17-19-22-23/SITE563_ORNT135_VIS3mi.png,3.0,3.0
SITE563,21,2025-03-05-12-08-53/SITE563_ORNT270_VIS10+mi.png,10.0,10.0
SITE564,21,2025-02-02-12-13-03/SITE564_ORNT315_VIS5mi.png,5.0,1.0
SITE564,21,2024-06-17-10-37-40/SITE564_ORNT124_VIS2-5mi.png,2.0,2.0
SITE564,21,2025-02-16-12-49-10/SITE564_ORNT124_VIS1-75mi.png,1.0,1.0
SITE564,21,2025-01-31-13-49-43/SITE564_ORNT315_VIS10+mi.png,10.0,10.0
SITE564,21,2025-02-19-12-18-05/SITE564_ORNT18_VIS6mi.png,6.0,10.0
SITE564,21,2024-12-16-12-39-30/SITE564_ORNT220_VIS10+mi.png,10.0,10.0
SITE564,21,2024-07-28-11-17-19/SITE564_ORNT124_VIS4mi.png,4.0,6.0
SITE569,35,2024-08-10-09-44-28/SITE569_ORNT138_VIS1mi.png,1.0,1.0
SITE569,35,2024-05-07-15-42-07/SITE569_ORNT276_VIS8mi.png,8.0,8.0
SITE569,35,2025-04-10-17-56-44/SITE569_ORNT276_VIS10+mi.png,10.0,10.0
SITE569,35,2024-10-19-10-55-55/SITE569_ORNT276_VIS7mi.png,7.0,7.0
SITE569,35,2025-01-17-15-10-02/SITE569_ORNT276_VIS8mi.png,8.0,10.0
SITE569,35,2024-07-25-18-03-52/SITE569_ORNT138_VIS7mi.png,7.0,7.0
SITE569,35,2025-02-16-12-49-10/SITE569_ORNT211_VIS10+mi.png,10.0,10.0
SITE569,35,2024-08-11-09-28-59/SITE569_ORNT138_VIS5mi.png,5.0,8.0
SITE569,35,2024-08-11-09-28-59/SITE569_ORNT54_VIS5mi.png,5.0,7.0
SITE569,35,2024-08-01-13-32-05/SITE569_ORNT138_VIS7mi.png,7.0,7.0
SITE569,35,2024-07-23-10-10-08/SITE569_ORNT211_VIS6mi.png,6.0,7.0
SITE572,18,2024-07-23-10-10-08/SITE572_ORNT325_VIS8mi.png,8.0,8.0
SITE572,18,2024-10-14-13-08-27/SITE572_ORNT262_VIS10+mi.png,10.0,10.0
SITE572,18,2025-02-15-16-53-20/SITE572_ORNT88_VIS8mi.png,8.0,8.0
SITE572,18,2025-02-11-14-30-47/SITE572_ORNT88_VIS3mi.png,3.0,3.0
SITE572,18,2024-07-25-10-00-39/SITE572_ORNT88_VIS7mi.png,7.0,8.0
SITE572,18,2025-04-11-14-52-32/SITE572_ORNT325_VIS10+mi.png,10.0,10.0
SITE572,18,2024-08-19-10-27-18/SITE572_ORNT262_VIS6mi.png,6.0,8.0
SITE574,15,2024-10-20-11-35-46/SITE574_ORNT170_VIS7mi.png,7.0,7.0
SITE574,15,2024-07-23-10-10-08/SITE574_ORNT25_VIS6mi.png,6.0,7.0
SITE574,15,2025-01-26-15-53-06/SITE574_ORNT70_VIS10+mi.png,10.0,10.0
SITE574,15,2025-02-15-15-20-00/SITE574_ORNT245_VIS2mi.png,2.0,1.0
SITE574,15,2024-10-06-17-04-59/SITE574_ORNT25_VIS8mi.png,8.0,8.0
SITE574,15,2025-02-10-14-47-56/SITE574_ORNT170_VIS10+mi.png,10.0,10.0
SITE575,36,2024-05-01-16-21-18/SITE575_ORNT145_VIS7mi.png,7.0,8.0
SITE575,36,2024-08-01-13-32-05/SITE575_ORNT145_VIS2-5mi.png,2.0,8.0
SITE575,36,2025-03-11-17-13-52/SITE575_ORNT145_VIS9mi.png,9.0,10.0
SITE575,36,2024-09-30-11-56-46/SITE575_ORNT85_VIS8mi.png,8.0,8.0
SITE575,36,2024-09-21-11-24-11/SITE575_ORNT325_VIS6mi.png,6.0,8.0
SITE575,36,2024-07-23-10-10-08/SITE575_ORNT85_VIS7mi.png,7.0,5.0
SITE575,36,2025-02-05-13-59-56/SITE575_ORNT85_VIS8mi.png,8.0,10.0
SITE575,36,2024-12-03-11-18-04/SITE575_ORNT325_VIS10+mi.png,10.0,8.0
SITE575,36,2024-06-10-18-34-10/SITE575_ORNT325_VIS4mi.png,4.0,8.0
SITE575,36,2024-09-07-13-37-18/SITE575_ORNT85_VIS3mi.png,3.0,7.0
SITE575,36,2025-01-26-15-53-06/SITE575_ORNT85_VIS10+mi.png,10.0,10.0
SITE575,36,2024-07-24-16-43-44/SITE575_ORNT145_VIS5mi.png,5.0,5.0
SITE575,36,2024-05-13-18-48-49/SITE575_ORNT325_VIS8mi.png,8.0,7.0
SITE575,36,2024-07-24-16-43-44/SITE575_ORNT85_VIS5mi.png,5.0,5.0
SITE577,17,2024-07-01-19-28-49/SITE577_ORNT296_VIS7mi.png,7.0,7.0
SITE577,17,2024-05-07-15-42-07/SITE577_ORNT10_VIS5mi.png,5.0,4.0
SITE577,17,2025-02-14-15-24-27/SITE577_ORNT296_VIS3mi.png,3.0,4.0
SITE577,17,2024-08-19-19-34-52/SITE577_ORNT210_VIS4mi.png,4.0,10.0
SITE577,17,2024-10-13-12-27-42/SITE577_ORNT210_VIS10+mi.png,10.0,10.0
SITE577,17,2024-08-19-19-34-52/SITE577_ORNT296_VIS4mi.png,4.0,4.0
SITE578,20,2024-07-26-10-22-16/SITE578_ORNT185_VIS8mi.png,8.0,8.0
SITE578,20,2024-07-23-16-31-18/SITE578_ORNT295_VIS7mi.png,7.0,7.0
SITE578,20,2024-08-11-09-28-59/SITE578_ORNT295_VIS5mi.png,5.0,5.0
SITE578,20,2025-04-10-17-56-44/SITE578_ORNT0_VIS10+mi.png,10.0,10.0
SITE578,20,2025-01-17-15-10-02/SITE578_ORNT295_VIS8mi.png,8.0,7.0
SITE578,20,2025-03-06-15-10-58/SITE578_ORNT0_VIS10+mi.png,10.0,10.0
SITE578,20,2024-07-23-16-31-18/SITE578_ORNT185_VIS7mi.png,7.0,7.0
SITE58,54,2024-09-07-13-37-18/SITE58_ORNT175_VIS3mi.png,3.0,7.0
SITE58,54,2024-07-05-10-36-13/SITE58_ORNT15_VIS1-5mi.png,1.0,1.0
SITE58,54,2024-06-06-10-38-22/SITE58_ORNT245_VIS2-5mi.png,2.0,4.0
SITE58,54,2024-05-23-15-19-49/SITE58_ORNT15_VIS5mi.png,5.0,7.0
SITE58,54,2024-08-18-13-20-24/SITE58_ORNT175_VIS3mi.png,3.0,7.0
SITE58,54,2024-06-07-15-28-05/SITE58_ORNT245_VIS9mi.png,9.0,9.0
SITE58,54,2024-10-07-14-17-08/SITE58_ORNT175_VIS2mi.png,2.0,2.0
SITE58,54,2024-08-01-10-54-34/SITE58_ORNT245_VIS3mi.png,3.0,1.0
SITE58,54,2024-08-24-13-47-04/SITE58_ORNT90_VIS6mi.png,6.0,1.0
SITE58,54,2024-06-06-10-38-22/SITE58_ORNT175_VIS2-5mi.png,2.0,7.0
SITE58,54,2024-10-13-15-24-41/SITE58_ORNT90_VIS5mi.png,5.0,2.0
SITE58,54,2024-07-14-13-28-24/SITE58_ORNT245_VIS4mi.png,4.0,1.0
SITE58,54,2024-08-16-20-03-50/SITE58_ORNT175_VIS8mi.png,8.0,7.0
SITE58,54,2024-08-16-20-03-50/SITE58_ORNT245_VIS8mi.png,8.0,7.0
SITE58,54,2024-08-24-13-47-04/SITE58_ORNT15_VIS6mi.png,6.0,1.0
SITE58,54,2025-04-11-14-52-32/SITE58_ORNT245_VIS1-25mi.png,1.0,1.0
SITE58,54,2024-07-23-13-08-12/SITE58_ORNT245_VIS1mi.png,1.0,1.0
SITE58,54,2024-06-03-13-44-33/SITE58_ORNT175_VIS7mi.png,7.0,7.0
SITE58,54,2024-06-03-13-44-33/SITE58_ORNT90_VIS7mi.png,7.0,7.0
SITE58,54,2024-10-07-14-17-08/SITE58_ORNT90_VIS2mi.png,2.0,1.0
SITE581,28,2024-08-02-13-37-25/SITE581_ORNT350_VIS6mi.png,6.0,7.0
SITE581,28,2024-12-20-15-16-09/SITE581_ORNT250_VIS10+mi.png,10.0,10.0
SITE581,28,2024-06-09-10-51-06/SITE581_ORNT160_VIS2-5mi.png,2.0,2.0
SITE581,28,2024-09-08-16-00-24/SITE581_ORNT350_VIS7mi.png,7.0,7.0
SITE581,28,2024-09-27-16-12-40/SITE581_ORNT70_VIS8mi.png,8.0,8.0
SITE581,28,2024-08-11-09-28-59/SITE581_ORNT350_VIS5mi.png,5.0,5.0
SITE581,28,2024-12-24-15-14-57/SITE581_ORNT160_VIS10+mi.png,10.0,10.0
SITE581,28,2024-07-25-10-00-39/SITE581_ORNT350_VIS5mi.png,5.0,5.0
SITE581,28,2024-07-23-16-31-18/SITE581_ORNT70_VIS5mi.png,5.0,5.0
SITE584,19,2025-02-14-15-24-27/SITE584_ORNT280_VIS8mi.png,8.0,10.0
SITE584,19,2024-07-23-13-08-12/SITE584_ORNT225_VIS7mi.png,7.0,7.0
SITE584,19,2025-03-04-14-20-15/SITE584_ORNT280_VIS10+mi.png,10.0,10.0
SITE584,19,2025-03-02-13-12-40/SITE584_ORNT225_VIS10+mi.png,10.0,10.0
SITE584,19,2025-03-04-14-20-15/SITE584_ORNT325_VIS10+mi.png,10.0,10.0
SITE584,19,2024-07-23-16-31-18/SITE584_ORNT280_VIS7mi.png,7.0,7.0
SITE584,19,2024-07-23-10-10-08/SITE584_ORNT280_VIS6mi.png,6.0,7.0
SITE587,17,2025-02-16-12-49-10/SITE587_ORNT0_VIS6mi.png,6.0,1.0
SITE587,17,2025-02-19-12-18-05/SITE587_ORNT0_VIS3mi.png,3.0,3.0
SITE587,17,2025-03-11-17-13-52/SITE587_ORNT280_VIS10+mi.png,10.0,10.0
SITE587,17,2024-06-30-10-21-08/SITE587_ORNT280_VIS8mi.png,8.0,8.0
SITE587,17,2025-01-26-15-53-06/SITE587_ORNT110_VIS10+mi.png,10.0,10.0
SITE587,17,2024-10-19-10-55-55/SITE587_ORNT110_VIS5mi.png,5.0,5.0
SITE587,17,2025-02-11-14-30-47/SITE587_ORNT230_VIS1mi.png,1.0,3.0
SITE587,17,2025-02-01-17-30-02/SITE587_ORNT280_VIS10+mi.png,10.0,10.0
SITE59,26,2025-04-01-16-59-16/SITE59_ORNT100_VIS1-25mi.png,1.0,1.0
SITE59,26,2024-12-17-16-15-56/SITE59_ORNT100_VIS1mi.png,1.0,2.0
SITE59,26,2025-02-05-13-59-56/SITE59_ORNT10_VIS2mi.png,2.0,2.0
SITE59,26,2025-02-01-17-30-02/SITE59_ORNT100_VIS2-5mi.png,2.0,2.0
SITE59,26,2025-03-06-15-10-58/SITE59_ORNT333_VIS7mi.png,7.0,1.0
SITE59,26,2025-02-11-14-30-47/SITE59_ORNT10_VIS3mi.png,3.0,2.0
SITE59,26,2025-03-23-13-51-54/SITE59_ORNT333_VIS7mi.png,7.0,3.0
SITE59,26,2025-02-11-14-30-47/SITE59_ORNT333_VIS3mi.png,3.0,2.0
SITE59,26,2025-05-16-12-18-46/SITE59_ORNT10_VIS10+mi.png,10.0,7.0
SITE593,28,2024-07-28-11-17-19/SITE593_ORNT255_VIS8mi.png,8.0,8.0
SITE593,28,2024-09-08-13-07-06/SITE593_ORNT110_VIS8mi.png,8.0,8.0
SITE593,28,2024-09-08-13-07-06/SITE593_ORNT160_VIS8mi.png,8.0,8.0
SITE593,28,2025-02-10-14-47-56/SITE593_ORNT10_VIS10+mi.png,10.0,8.0
SITE593,28,2024-09-02-17-43-28/SITE593_ORNT110_VIS9mi.png,9.0,8.0
SITE593,28,2024-07-29-16-41-43/SITE593_ORNT10_VIS6mi.png,6.0,8.0
SITE593,28,2024-10-07-12-00-07/SITE593_ORNT255_VIS8mi.png,8.0,8.0
SITE593,28,2024-07-29-17-46-25/SITE593_ORNT10_VIS6mi.png,6.0,8.0
SITE593,28,2024-12-29-16-00-12/SITE593_ORNT160_VIS2mi.png,2.0,1.0
SITE593,28,2025-01-26-13-23-03/SITE593_ORNT10_VIS3mi.png,3.0,10.0
SITE595,49,2025-04-13-19-09-12/SITE595_ORNT270_VIS1-25mi.png,1.0,1.0
SITE595,49,2024-07-23-13-08-12/SITE595_ORNT270_VIS7mi.png,7.0,4.0
SITE595,49,2025-03-31-15-41-11/SITE595_ORNT270_VIS8mi.png,8.0,4.0
SITE595,49,2024-09-07-13-37-18/SITE595_ORNT0_VIS4mi.png,4.0,4.0
SITE595,49,2025-02-11-14-30-47/SITE595_ORNT0_VIS6mi.png,6.0,4.0
SITE595,49,2024-07-25-10-00-39/SITE595_ORNT180_VIS3mi.png,3.0,4.0
SITE595,49,2024-10-05-11-04-16/SITE595_ORNT180_VIS3mi.png,3.0,4.0
SITE595,49,2024-07-28-13-48-26/SITE595_ORNT270_VIS8mi.png,8.0,8.0
SITE595,49,2025-03-28-10-38-15/SITE595_ORNT270_VIS10+mi.png,10.0,10.0
SITE595,49,2024-08-01-13-32-05/SITE595_ORNT270_VIS4mi.png,4.0,8.0
SITE595,49,2024-07-04-10-22-12/SITE595_ORNT180_VIS4mi.png,4.0,4.0
SITE595,49,2024-09-07-13-37-18/SITE595_ORNT270_VIS4mi.png,4.0,4.0
SITE595,49,2024-07-28-13-48-26/SITE595_ORNT180_VIS8mi.png,8.0,8.0
SITE595,49,2024-07-23-13-08-12/SITE595_ORNT180_VIS7mi.png,7.0,4.0
SITE595,49,2024-10-11-15-41-13/SITE595_ORNT270_VIS10+mi.png,10.0,8.0
SITE595,49,2025-02-17-14-46-26/SITE595_ORNT180_VIS4mi.png,4.0,8.0
SITE597,16,2024-07-23-13-08-12/SITE597_ORNT115_VIS7mi.png,7.0,6.0
SITE597,16,2025-02-10-14-47-56/SITE597_ORNT265_VIS10+mi.png,10.0,10.0
SITE597,16,2025-04-01-16-59-16/SITE597_ORNT115_VIS6mi.png,6.0,10.0
SITE597,16,2024-05-07-15-42-07/SITE597_ORNT350_VIS3mi.png,3.0,3.0
SITE597,16,2025-04-01-16-59-16/SITE597_ORNT350_VIS6mi.png,6.0,6.0
SITE597,16,2025-01-26-13-23-03/SITE597_ORNT350_VIS10+mi.png,10.0,10.0
SITE597,16,2025-02-05-13-59-56/SITE597_ORNT170_VIS4mi.png,4.0,3.0
SITE598,18,2024-08-18-19-28-16/SITE598_ORNT285_VIS8mi.png,8.0,8.0
SITE598,18,2025-02-27-11-22-46/SITE598_ORNT180_VIS4mi.png,4.0,5.0
SITE598,18,2025-03-05-12-08-53/SITE598_ORNT285_VIS5mi.png,5.0,4.0
SITE598,18,2024-05-08-14-34-39/SITE598_ORNT285_VIS7mi.png,7.0,4.0
SITE598,18,2024-10-14-13-08-27/SITE598_ORNT0_VIS4mi.png,4.0,4.0
SITE598,18,2024-12-03-11-18-04/SITE598_ORNT90_VIS10+mi.png,10.0,10.0
SITE598,18,2025-03-29-15-28-57/SITE598_ORNT285_VIS5mi.png,5.0,5.0
SITE6,26,2025-04-07-16-10-10/SITE6_ORNT355_VIS7mi.png,7.0,10.0
SITE6,26,2024-07-28-13-48-26/SITE6_ORNT190_VIS2mi.png,2.0,2.0
SITE6,26,2024-08-02-10-36-13/SITE6_ORNT355_VIS3mi.png,3.0,2.0
SITE6,26,2024-08-02-13-37-25/SITE6_ORNT190_VIS8mi.png,8.0,7.0
SITE6,26,2024-07-04-10-22-12/SITE6_ORNT355_VIS4mi.png,4.0,2.0
SITE6,26,2025-03-02-13-12-40/SITE6_ORNT55_VIS9mi.png,9.0,8.0
SITE6,26,2024-07-29-17-46-25/SITE6_ORNT115_VIS8mi.png,8.0,8.0
SITE6,26,2025-04-01-16-59-16/SITE6_ORNT190_VIS2mi.png,2.0,2.0
SITE6,26,2025-04-01-16-59-16/SITE6_ORNT115_VIS2mi.png,2.0,2.0
SITE6,26,2025-04-16-13-54-24/SITE6_ORNT355_VIS1-5mi.png,1.0,2.0
SITE6,26,2025-03-04-14-20-15/SITE6_ORNT190_VIS1mi.png,1.0,2.0
SITE6,26,2025-03-26-14-35-40/SITE6_ORNT55_VIS10+mi.png,10.0,10.0
SITE601,22,2024-10-07-12-00-07/SITE601_ORNT90_VIS2-5mi.png,2.0,2.0
SITE601,22,2025-03-05-12-08-53/SITE601_ORNT90_VIS1-75mi.png,1.0,1.0
SITE601,22,2025-03-05-12-08-53/SITE601_ORNT180_VIS1-75mi.png,1.0,1.0
SITE601,22,2025-03-04-14-20-15/SITE601_ORNT180_VIS10+mi.png,10.0,10.0
SITE601,22,2025-03-15-15-41-34/SITE601_ORNT90_VIS4mi.png,4.0,10.0
SITE601,22,2025-03-31-15-41-11/SITE601_ORNT90_VIS1-5mi.png,1.0,1.0
SITE601,22,2025-04-11-14-52-32/SITE601_ORNT345_VIS10+mi.png,10.0,10.0
SITE601,22,2024-10-07-14-17-08/SITE601_ORNT345_VIS5mi.png,5.0,4.0
SITE602,31,2024-06-14-14-13-33/SITE602_ORNT0_VIS1-5mi.png,1.0,4.0
SITE602,31,2025-04-13-19-09-12/SITE602_ORNT175_VIS4mi.png,4.0,3.0
SITE602,31,2025-01-15-15-33-17/SITE602_ORNT175_VIS8mi.png,8.0,4.0
SITE602,31,2025-01-26-15-53-06/SITE602_ORNT60_VIS10+mi.png,10.0,3.0
SITE602,31,2024-10-05-11-04-16/SITE602_ORNT270_VIS2mi.png,2.0,3.0
SITE602,31,2025-03-06-15-10-58/SITE602_ORNT60_VIS3mi.png,3.0,3.0
SITE602,31,2025-03-28-10-38-15/SITE602_ORNT60_VIS3mi.png,3.0,3.0
SITE602,31,2024-09-07-13-37-18/SITE602_ORNT270_VIS3mi.png,3.0,4.0
SITE602,31,2024-10-14-13-08-27/SITE602_ORNT270_VIS4mi.png,4.0,3.0
SITE602,31,2025-03-05-12-08-53/SITE602_ORNT0_VIS2mi.png,2.0,3.0
SITE606,29,2025-01-29-12-01-12/SITE606_ORNT5_VIS1-25mi.png,1.0,1.0
SITE606,29,2024-10-19-10-55-55/SITE606_ORNT90_VIS10+mi.png,10.0,10.0
SITE606,29,2025-03-28-10-38-15/SITE606_ORNT90_VIS6mi.png,6.0,2.0
SITE606,29,2024-08-19-19-34-52/SITE606_ORNT180_VIS7mi.png,7.0,2.0
SITE606,29,2024-07-30-14-06-06/SITE606_ORNT5_VIS5mi.png,5.0,7.0
SITE606,29,2025-03-31-15-41-11/SITE606_ORNT180_VIS1-75mi.png,1.0,1.0
SITE606,29,2025-02-27-11-22-46/SITE606_ORNT90_VIS10+mi.png,10.0,10.0
SITE606,29,2024-10-07-12-00-07/SITE606_ORNT5_VIS2-5mi.png,2.0,2.0
SITE606,29,2025-01-26-13-23-03/SITE606_ORNT180_VIS3mi.png,3.0,2.0
SITE606,29,2025-03-04-14-20-15/SITE606_ORNT270_VIS2mi.png,2.0,1.0
SITE606,29,2025-04-22-15-39-35/SITE606_ORNT270_VIS2-5mi.png,2.0,2.0
SITE606,29,2025-02-17-14-46-26/SITE606_ORNT5_VIS1-5mi.png,1.0,2.0
SITE606,29,2025-03-31-15-41-11/SITE606_ORNT90_VIS1-75mi.png,1.0,1.0
SITE607,25,2024-12-10-14-08-09/SITE607_ORNT0_VIS2mi.png,2.0,2.0
SITE607,25,2024-09-07-11-42-21/SITE607_ORNT90_VIS2-5mi.png,2.0,2.0
SITE607,25,2025-02-17-14-46-26/SITE607_ORNT180_VIS5mi.png,5.0,6.0
SITE607,25,2024-06-07-15-28-05/SITE607_ORNT0_VIS3mi.png,3.0,3.0
SITE607,25,2025-02-19-12-18-05/SITE607_ORNT315_VIS10+mi.png,10.0,10.0
SITE607,25,2025-03-05-12-08-53/SITE607_ORNT90_VIS6mi.png,6.0,2.0
SITE607,25,2024-07-25-10-00-39/SITE607_ORNT315_VIS8mi.png,8.0,2.0
SITE607,25,2024-09-07-13-37-18/SITE607_ORNT180_VIS6mi.png,6.0,2.0
SITE607,25,2024-10-15-10-59-57/SITE607_ORNT315_VIS10+mi.png,10.0,10.0
SITE610,22,2024-08-18-19-28-16/SITE610_ORNT180_VIS7mi.png,7.0,7.0
SITE610,22,2024-10-14-13-08-27/SITE610_ORNT0_VIS4mi.png,4.0,4.0
SITE610,22,2024-05-27-19-19-47/SITE610_ORNT180_VIS2-5mi.png,2.0,2.0
SITE610,22,2025-04-01-16-59-16/SITE610_ORNT0_VIS10+mi.png,10.0,10.0
SITE610,22,2024-05-23-15-19-49/SITE610_ORNT0_VIS7mi.png,7.0,7.0
SITE610,22,2024-08-01-13-32-05/SITE610_ORNT180_VIS5mi.png,5.0,7.0
SITE610,22,2025-04-02-15-05-32/SITE610_ORNT260_VIS10+mi.png,10.0,7.0
SITE610,22,2025-03-05-12-08-53/SITE610_ORNT180_VIS8mi.png,8.0,4.0
SITE612,37,2024-12-16-12-39-30/SITE612_ORNT300_VIS1mi.png,1.0,2.0
SITE612,37,2024-08-24-10-27-52/SITE612_ORNT210_VIS9mi.png,9.0,5.0
SITE612,37,2024-12-23-15-38-40/SITE612_ORNT300_VIS9mi.png,9.0,6.0
SITE612,37,2025-01-26-15-53-06/SITE612_ORNT120_VIS2-25mi.png,2.0,2.0
SITE612,37,2024-08-12-20-17-35/SITE612_ORNT30_VIS5mi.png,5.0,5.0
SITE612,37,2024-07-24-16-43-44/SITE612_ORNT300_VIS5mi.png,5.0,5.0
SITE612,37,2025-02-11-14-30-47/SITE612_ORNT30_VIS8mi.png,8.0,5.0
SITE612,37,2024-08-16-20-03-50/SITE612_ORNT120_VIS5mi.png,5.0,5.0
SITE612,37,2024-07-30-16-52-29/SITE612_ORNT120_VIS6mi.png,6.0,5.0
SITE612,37,2025-02-04-15-47-48/SITE612_ORNT300_VIS2-5mi.png,2.0,2.0
SITE612,37,2025-03-18-13-52-55/SITE612_ORNT30_VIS4mi.png,4.0,9.0
SITE612,37,2025-03-11-17-13-52/SITE612_ORNT120_VIS9mi.png,9.0,9.0
SITE612,37,2025-01-15-12-14-16/SITE612_ORNT120_VIS6mi.png,6.0,9.0
SITE616,34,2024-07-28-13-48-26/SITE616_ORNT90_VIS5mi.png,5.0,8.0
SITE616,34,2024-10-14-13-08-27/SITE616_ORNT270_VIS3mi.png,3.0,2.0
SITE616,34,2024-05-27-19-19-47/SITE616_ORNT90_VIS4mi.png,4.0,4.0
SITE616,34,2024-07-29-17-46-25/SITE616_ORNT0_VIS2-5mi.png,2.0,2.0
SITE616,34,2024-07-29-17-46-25/SITE616_ORNT270_VIS2-5mi.png,2.0,2.0
SITE616,34,2025-04-07-16-10-10/SITE616_ORNT180_VIS10+mi.png,10.0,10.0
SITE616,34,2024-09-12-12-03-32/SITE616_ORNT270_VIS8mi.png,8.0,8.0
SITE616,34,2025-03-05-12-08-53/SITE616_ORNT180_VIS3mi.png,3.0,3.0
SITE616,34,2025-04-11-14-52-32/SITE616_ORNT270_VIS10+mi.png,10.0,10.0
SITE616,34,2024-05-08-14-34-39/SITE616_ORNT180_VIS4mi.png,4.0,2.0
SITE616,34,2024-07-25-10-00-39/SITE616_ORNT0_VIS2mi.png,2.0,2.0
SITE617,24,2024-05-27-19-19-47/SITE617_ORNT40_VIS3mi.png,3.0,2.0
SITE617,24,2024-06-10-18-34-10/SITE617_ORNT125_VIS4mi.png,4.0,4.0
SITE617,24,2025-04-22-15-39-35/SITE617_ORNT40_VIS8mi.png,8.0,10.0
SITE617,24,2025-03-05-12-08-53/SITE617_ORNT315_VIS2-5mi.png,2.0,2.0
SITE617,24,2024-12-10-14-08-09/SITE617_ORNT40_VIS5mi.png,5.0,1.0
SITE617,24,2025-02-16-12-49-10/SITE617_ORNT215_VIS1-75mi.png,1.0,3.0
SITE617,24,2025-04-01-16-59-16/SITE617_ORNT315_VIS10+mi.png,10.0,10.0
SITE617,24,2024-05-27-19-19-47/SITE617_ORNT215_VIS3mi.png,3.0,2.0
SITE617,24,2024-06-09-10-51-06/SITE617_ORNT125_VIS4mi.png,4.0,4.0
SITE617,24,2025-02-11-14-30-47/SITE617_ORNT125_VIS10+mi.png,10.0,10.0
SITE620,36,2024-06-06-17-01-51/SITE620_ORNT225_VIS4mi.png,4.0,4.0
SITE620,36,2025-03-05-12-08-53/SITE620_ORNT330_VIS5mi.png,5.0,2.0
SITE620,36,2025-03-02-13-12-40/SITE620_ORNT330_VIS10+mi.png,10.0,10.0
SITE620,36,2024-05-28-11-05-32/SITE620_ORNT150_VIS1-25mi.png,1.0,4.0
SITE620,36,2024-08-19-10-27-18/SITE620_ORNT330_VIS1-75mi.png,1.0,1.0
SITE620,36,2025-02-05-13-59-56/SITE620_ORNT30_VIS10+mi.png,10.0,10.0
SITE620,36,2024-06-07-15-28-05/SITE620_ORNT30_VIS2mi.png,2.0,4.0
SITE620,36,2024-06-18-18-07-05/SITE620_ORNT225_VIS8mi.png,8.0,8.0
SITE620,36,2025-04-13-19-09-12/SITE620_ORNT150_VIS2-5mi.png,2.0,3.0
SITE620,36,2024-08-18-19-28-16/SITE620_ORNT225_VIS3mi.png,3.0,2.0
SITE620,36,2024-07-25-10-00-39/SITE620_ORNT330_VIS3mi.png,3.0,1.0
SITE620,36,2024-05-28-11-05-32/SITE620_ORNT330_VIS1-25mi.png,1.0,4.0
SITE620,36,2025-02-27-11-22-46/SITE620_ORNT330_VIS1-5mi.png,1.0,1.0
SITE620,36,2024-06-07-11-09-12/SITE620_ORNT150_VIS6mi.png,6.0,4.0
SITE620,36,2025-04-22-15-39-35/SITE620_ORNT30_VIS4mi.png,4.0,4.0
SITE622,27,2024-12-10-14-08-09/SITE622_ORNT230_VIS5mi.png,5.0,4.0
SITE622,27,2025-02-16-12-49-10/SITE622_ORNT285_VIS3mi.png,3.0,4.0
SITE622,27,2024-10-07-14-17-08/SITE622_ORNT50_VIS2mi.png,2.0,4.0
SITE622,27,2024-06-06-17-01-51/SITE622_ORNT285_VIS4mi.png,4.0,4.0
SITE622,27,2024-07-23-16-31-18/SITE622_ORNT140_VIS1-75mi.png,1.0,4.0
SITE622,27,2025-03-05-12-08-53/SITE622_ORNT50_VIS2-5mi.png,2.0,2.0
SITE622,27,2025-02-02-12-13-03/SITE622_ORNT140_VIS10+mi.png,10.0,10.0
SITE622,27,2024-10-07-12-00-07/SITE622_ORNT285_VIS4mi.png,4.0,4.0
SITE622,27,2024-08-18-13-20-24/SITE622_ORNT230_VIS4mi.png,4.0,4.0
SITE622,27,2024-08-18-19-28-16/SITE622_ORNT140_VIS7mi.png,7.0,4.0
SITE623,20,2024-05-22-13-05-54/SITE623_ORNT10_VIS8mi.png,8.0,9.0
SITE623,20,2024-09-07-11-42-21/SITE623_ORNT10_VIS9mi.png,9.0,8.0
SITE623,20,2024-09-08-16-00-24/SITE623_ORNT180_VIS8mi.png,8.0,8.0
SITE623,20,2024-09-08-13-07-06/SITE623_ORNT100_VIS6mi.png,6.0,7.0
SITE623,20,2024-09-12-12-03-32/SITE623_ORNT10_VIS7mi.png,7.0,7.0
SITE623,20,2024-08-18-19-28-16/SITE623_ORNT180_VIS5mi.png,5.0,6.0
SITE623,20,2024-09-12-12-03-32/SITE623_ORNT100_VIS7mi.png,7.0,6.0
SITE623,20,2024-09-08-13-07-06/SITE623_ORNT10_VIS6mi.png,6.0,6.0
SITE624,16,2024-06-17-10-37-40/SITE624_ORNT230_VIS7mi.png,7.0,3.0
SITE624,16,2024-12-16-12-39-30/SITE624_ORNT330_VIS3mi.png,3.0,5.0
SITE624,16,2025-04-16-13-54-24/SITE624_ORNT230_VIS5mi.png,5.0,3.0
SITE624,16,2024-12-17-16-15-56/SITE624_ORNT230_VIS6mi.png,6.0,3.0
SITE624,16,2025-02-14-15-24-27/SITE624_ORNT330_VIS4mi.png,4.0,4.0
SITE624,16,2025-01-26-15-53-06/SITE624_ORNT330_VIS10+mi.png,10.0,10.0
SITE624,16,2024-07-22-11-13-59/SITE624_ORNT330_VIS5mi.png,5.0,5.0
SITE626,19,2025-02-27-11-22-46/SITE626_ORNT0_VIS2mi.png,2.0,2.0
SITE626,19,2025-03-31-13-29-12/SITE626_ORNT110_VIS1mi.png,1.0,2.0
SITE626,19,2025-04-02-15-05-32/SITE626_ORNT290_VIS10+mi.png,10.0,10.0
SITE626,19,2024-05-28-11-05-32/SITE626_ORNT195_VIS3mi.png,3.0,2.0
SITE626,19,2024-10-07-12-00-07/SITE626_ORNT290_VIS4mi.png,4.0,4.0
SITE626,19,2025-02-16-12-49-10/SITE626_ORNT195_VIS2mi.png,2.0,2.0
SITE626,19,2025-03-31-13-29-12/SITE626_ORNT195_VIS1mi.png,1.0,2.0
SITE629,31,2024-12-29-16-00-12/SITE629_ORNT210_VIS1-25mi.png,1.0,1.0
SITE629,31,2024-07-22-11-13-59/SITE629_ORNT125_VIS7mi.png,7.0,7.0
SITE629,31,2024-05-14-16-18-20/SITE629_ORNT210_VIS8mi.png,8.0,7.0
SITE629,31,2025-04-02-15-05-32/SITE629_ORNT125_VIS10+mi.png,10.0,10.0
SITE629,31,2024-10-07-12-00-07/SITE629_ORNT300_VIS2-5mi.png,2.0,2.0
SITE629,31,2025-01-26-13-23-03/SITE629_ORNT125_VIS5mi.png,5.0,2.0
SITE629,31,2024-06-10-18-34-10/SITE629_ORNT125_VIS4mi.png,4.0,4.0
SITE629,31,2024-06-10-18-34-10/SITE629_ORNT210_VIS4mi.png,4.0,4.0
SITE629,31,2025-01-15-15-33-17/SITE629_ORNT125_VIS6mi.png,6.0,1.0
SITE629,31,2024-05-08-14-34-39/SITE629_ORNT125_VIS2-5mi.png,2.0,2.0
SITE639,26,2024-07-23-13-08-12/SITE639_ORNT175_VIS5mi.png,5.0,4.0
SITE639,26,2025-01-15-15-33-17/SITE639_ORNT100_VIS10+mi.png,10.0,10.0
SITE639,26,2024-07-23-16-31-18/SITE639_ORNT270_VIS6mi.png,6.0,4.0
SITE639,26,2024-08-15-16-44-48/SITE639_ORNT10_VIS4mi.png,4.0,10.0
SITE639,26,2024-07-22-11-13-59/SITE639_ORNT175_VIS7mi.png,7.0,4.0
SITE639,26,2024-06-17-19-22-23/SITE639_ORNT100_VIS5mi.png,5.0,7.0
SITE639,26,2025-02-04-15-47-48/SITE639_ORNT10_VIS1mi.png,1.0,2.0
SITE639,26,2025-02-05-13-59-56/SITE639_ORNT175_VIS2-5mi.png,2.0,1.0
SITE639,26,2024-07-23-10-10-08/SITE639_ORNT10_VIS4mi.png,4.0,4.0
SITE639,26,2024-10-15-10-59-57/SITE639_ORNT10_VIS10+mi.png,10.0,10.0
SITE65,25,2024-10-13-15-24-41/SITE65_ORNT290_VIS3mi.png,3.0,3.0
SITE65,25,2025-02-05-13-59-56/SITE65_ORNT234_VIS9mi.png,9.0,3.0
SITE65,25,2025-02-15-16-53-20/SITE65_ORNT180_VIS7mi.png,7.0,8.0
SITE65,25,2024-06-29-10-50-12/SITE65_ORNT180_VIS2-5mi.png,2.0,3.0
SITE65,25,2024-08-24-10-27-52/SITE65_ORNT180_VIS6mi.png,6.0,3.0
SITE65,25,2024-07-07-11-04-33/SITE65_ORNT180_VIS1-75mi.png,1.0,3.0
SITE65,25,2025-03-18-13-52-55/SITE65_ORNT180_VIS10+mi.png,10.0,10.0
SITE65,25,2025-02-04-15-47-48/SITE65_ORNT180_VIS3mi.png,3.0,1.0
SITE65,25,2024-07-05-10-36-13/SITE65_ORNT64_VIS4mi.png,4.0,8.0
SITE65,25,2025-02-16-12-49-10/SITE65_ORNT234_VIS9mi.png,9.0,9.0
SITE65,25,2024-10-13-15-24-41/SITE65_ORNT234_VIS3mi.png,3.0,3.0
SITE65,25,2024-08-15-16-44-48/SITE65_ORNT180_VIS8mi.png,8.0,8.0
SITE658,35,2025-03-06-15-10-58/SITE658_ORNT260_VIS1mi.png,1.0,1.0
SITE658,35,2025-03-28-10-38-15/SITE658_ORNT305_VIS6mi.png,6.0,4.0
SITE658,35,2024-12-10-14-08-09/SITE658_ORNT260_VIS10+mi.png,10.0,10.0
SITE658,35,2024-12-29-16-00-12/SITE658_ORNT260_VIS5mi.png,5.0,2.0
SITE658,35,2025-04-07-16-10-10/SITE658_ORNT120_VIS7mi.png,7.0,7.0
SITE658,35,2025-02-01-17-30-02/SITE658_ORNT260_VIS4mi.png,4.0,2.0
SITE658,35,2024-09-18-18-13-42/SITE658_ORNT305_VIS8mi.png,8.0,7.0
SITE658,35,2025-03-05-12-08-53/SITE658_ORNT260_VIS2mi.png,2.0,4.0
SITE658,35,2025-03-05-12-08-53/SITE658_ORNT120_VIS2mi.png,2.0,4.0
SITE658,35,2025-02-04-15-47-48/SITE658_ORNT305_VIS4mi.png,4.0,6.0
SITE658,35,2025-03-23-13-51-54/SITE658_ORNT25_VIS10+mi.png,10.0,10.0
SITE658,35,2025-02-02-12-13-03/SITE658_ORNT25_VIS3mi.png,3.0,2.0
SITE66,20,2025-02-05-13-59-56/SITE66_ORNT323_VIS4mi.png,4.0,2.0
SITE66,20,2024-11-19-11-24-38/SITE66_ORNT323_VIS1-5mi.png,1.0,2.0
SITE66,20,2025-04-01-16-59-16/SITE66_ORNT95_VIS2mi.png,2.0,7.0
SITE66,20,2025-02-16-12-49-10/SITE66_ORNT95_VIS3mi.png,3.0,10.0
SITE66,20,2025-03-18-13-52-55/SITE66_ORNT95_VIS10+mi.png,10.0,10.0
SITE66,20,2025-03-05-12-08-53/SITE66_ORNT162_VIS1-75mi.png,1.0,10.0
SITE66,20,2024-07-07-20-11-04/SITE66_ORNT323_VIS3mi.png,3.0,2.0
SITE66,20,2024-05-14-16-18-20/SITE66_ORNT95_VIS7mi.png,7.0,7.0
SITE66,20,2025-02-01-17-30-02/SITE66_ORNT95_VIS4mi.png,4.0,7.0
SITE66,20,2024-05-31-11-53-14/SITE66_ORNT323_VIS1mi.png,1.0,10.0
SITE66,20,2025-02-19-12-18-05/SITE66_ORNT323_VIS5mi.png,5.0,1.0
SITE683,19,2024-06-17-19-22-23/SITE683_ORNT325_VIS8mi.png,8.0,8.0
SITE683,19,2024-10-20-11-35-46/SITE683_ORNT240_VIS7mi.png,7.0,8.0
SITE683,19,2025-04-01-16-59-16/SITE683_ORNT240_VIS10+mi.png,10.0,10.0
SITE683,19,2025-05-02-19-31-27/SITE683_ORNT325_VIS10+mi.png,10.0,10.0
SITE683,19,2025-03-17-19-09-03/SITE683_ORNT240_VIS10+mi.png,10.0,10.0
SITE683,19,2025-02-11-14-30-47/SITE683_ORNT180_VIS8mi.png,8.0,8.0
SITE683,19,2024-06-10-10-43-57/SITE683_ORNT180_VIS6mi.png,6.0,8.0
SITE684,34,2024-05-03-12-14-06/SITE684_ORNT27_VIS4mi.png,4.0,8.0
SITE684,34,2025-02-17-14-46-26/SITE684_ORNT267_VIS1-25mi.png,1.0,2.0
SITE684,34,2025-04-11-14-52-32/SITE684_ORNT267_VIS10+mi.png,10.0,10.0
SITE684,34,2025-01-17-15-10-02/SITE684_ORNT267_VIS6mi.png,6.0,3.0
SITE684,34,2024-05-08-14-34-39/SITE684_ORNT179_VIS4mi.png,4.0,4.0
SITE684,34,2025-02-04-15-47-48/SITE684_ORNT179_VIS5mi.png,5.0,2.0
SITE684,34,2025-04-02-15-05-32/SITE684_ORNT179_VIS6mi.png,6.0,2.0
SITE684,34,2024-10-10-15-17-15/SITE684_ORNT179_VIS10+mi.png,10.0,10.0
SITE684,34,2024-12-17-16-15-56/SITE684_ORNT179_VIS2mi.png,2.0,2.0
SITE684,34,2025-04-16-13-54-24/SITE684_ORNT267_VIS2-5mi.png,2.0,2.0
SITE684,34,2024-12-29-16-00-12/SITE684_ORNT267_VIS3mi.png,3.0,2.0
SITE684,34,2025-02-10-14-47-56/SITE684_ORNT27_VIS8mi.png,8.0,10.0
SITE684,34,2025-02-19-12-18-05/SITE684_ORNT267_VIS3mi.png,3.0,8.0
SITE692,36,2025-02-04-15-47-48/SITE692_ORNT150_VIS1mi.png,1.0,4.0
SITE692,36,2024-08-02-13-37-25/SITE692_ORNT335_VIS9mi.png,9.0,8.0
SITE692,36,2025-02-14-15-24-27/SITE692_ORNT60_VIS10+mi.png,10.0,10.0
SITE692,36,2024-10-15-10-59-57/SITE692_ORNT150_VIS4mi.png,4.0,7.0
SITE692,36,2024-07-29-16-41-43/SITE692_ORNT335_VIS6mi.png,6.0,7.0
SITE692,36,2024-10-14-13-08-27/SITE692_ORNT150_VIS6mi.png,6.0,7.0
SITE692,36,2024-07-28-11-17-19/SITE692_ORNT205_VIS8mi.png,8.0,8.0
SITE692,36,2024-07-22-11-13-59/SITE692_ORNT205_VIS7mi.png,7.0,8.0
SITE692,36,2024-07-29-17-46-25/SITE692_ORNT205_VIS7mi.png,7.0,4.0
SITE692,36,2024-07-26-10-22-16/SITE692_ORNT150_VIS4mi.png,4.0,7.0
SITE692,36,2024-12-17-16-15-56/SITE692_ORNT150_VIS4mi.png,4.0,10.0
SITE692,36,2025-02-14-15-24-27/SITE692_ORNT335_VIS10+mi.png,10.0,10.0
SITE692,36,2024-07-28-11-17-19/SITE692_ORNT150_VIS8mi.png,8.0,7.0
SITE7,84,2024-08-19-10-27-18/SITE7_ORNT221_VIS4mi.png,4.0,1.0
SITE7,84,2024-10-14-13-08-27/SITE7_ORNT221_VIS6mi.png,6.0,2.0
SITE7,84,2025-01-31-13-49-43/SITE7_ORNT312_VIS10+mi.png,10.0,9.0
SITE7,84,2024-05-13-18-48-49/SITE7_ORNT221_VIS8mi.png,8.0,6.0
SITE7,84,2025-03-02-13-12-40/SITE7_ORNT312_VIS1-75mi.png,1.0,1.0
SITE7,84,2025-03-02-11-48-27/SITE7_ORNT312_VIS1-75mi.png,1.0,1.0
SITE7,84,2024-09-12-12-03-32/SITE7_ORNT55_VIS5mi.png,5.0,4.0
SITE7,84,2025-01-23-15-05-27/SITE7_ORNT312_VIS1mi.png,1.0,1.0
SITE7,84,2024-05-09-16-15-37/SITE7_ORNT135_VIS1-75mi.png,1.0,4.0
SITE7,84,2025-04-11-14-52-32/SITE7_ORNT221_VIS3mi.png,3.0,10.0
SITE7,84,2024-07-05-10-36-13/SITE7_ORNT221_VIS6mi.png,6.0,9.0
SITE7,84,2024-09-15-16-06-51/SITE7_ORNT55_VIS2-5mi.png,2.0,1.0
SITE7,84,2024-05-11-17-39-19/SITE7_ORNT221_VIS7mi.png,7.0,9.0
SITE7,84,2025-03-20-11-55-50/SITE7_ORNT221_VIS4mi.png,4.0,4.0
SITE7,84,2024-07-14-13-28-24/SITE7_ORNT55_VIS3mi.png,3.0,4.0
SITE7,84,2024-07-05-14-33-31/SITE7_ORNT55_VIS4mi.png,4.0,4.0
SITE7,84,2024-07-14-10-21-23/SITE7_ORNT312_VIS2mi.png,2.0,1.0
SITE7,84,4-9-24-6-47-PM/SITE7_ORNT221_VIS9mi.png,9.0,9.0
SITE7,84,2025-02-27-11-22-46/SITE7_ORNT312_VIS7mi.png,7.0,1.0
SITE7,84,2024-08-18-13-20-24/SITE7_ORNT221_VIS2-5mi.png,2.0,1.0
SITE7,84,2024-06-10-18-34-10/SITE7_ORNT135_VIS4mi.png,4.0,7.0
SITE7,84,2024-06-17-10-37-40/SITE7_ORNT312_VIS5mi.png,5.0,4.0
SITE7,84,2024-06-10-18-34-10/SITE7_ORNT221_VIS4mi.png,4.0,6.0
SITE7,84,2024-07-02-16-22-41/SITE7_ORNT135_VIS2-5mi.png,2.0,4.0
SITE7,84,2024-09-15-16-06-51/SITE7_ORNT312_VIS2-5mi.png,2.0,1.0
SITE7,84,2024-10-13-12-27-42/SITE7_ORNT312_VIS4mi.png,4.0,4.0
SITE7,84,2025-01-26-15-53-06/SITE7_ORNT312_VIS4mi.png,4.0,4.0
SITE7,84,2025-04-07-16-10-10/SITE7_ORNT135_VIS5mi.png,5.0,4.0
SITE7,84,2024-06-30-10-21-08/SITE7_ORNT312_VIS1-25mi.png,1.0,1.0
SITE719,43,2024-12-23-15-38-40/SITE719_ORNT20_VIS2-5mi.png,2.0,2.0
SITE719,43,2024-07-24-16-43-44/SITE719_ORNT180_VIS6mi.png,6.0,6.0
SITE719,43,2025-02-10-14-47-56/SITE719_ORNT300_VIS1mi.png,1.0,1.0
SITE719,43,2025-02-14-15-24-27/SITE719_ORNT300_VIS8mi.png,8.0,4.0
SITE719,43,2025-01-26-15-53-06/SITE719_ORNT300_VIS10+mi.png,10.0,10.0
SITE719,43,2025-02-12-14-37-35/SITE719_ORNT20_VIS4mi.png,4.0,4.0
SITE719,43,2024-05-21-12-02-34/SITE719_ORNT20_VIS4mi.png,4.0,4.0
SITE719,43,2024-10-19-10-55-55/SITE719_ORNT120_VIS6mi.png,6.0,2.0
SITE719,43,2024-12-24-15-14-57/SITE719_ORNT120_VIS4mi.png,4.0,4.0
SITE719,43,2025-02-15-16-53-20/SITE719_ORNT300_VIS5mi.png,5.0,4.0
SITE719,43,2024-12-23-15-38-40/SITE719_ORNT180_VIS2-5mi.png,2.0,4.0
SITE719,43,2025-03-04-14-20-15/SITE719_ORNT20_VIS2mi.png,2.0,2.0
SITE719,43,2025-02-15-15-20-00/SITE719_ORNT20_VIS3mi.png,3.0,1.0
SITE719,43,2025-03-05-12-08-53/SITE719_ORNT300_VIS4mi.png,4.0,9.0
SITE721,23,2025-01-17-15-10-02/SITE721_ORNT0_VIS10+mi.png,10.0,10.0
SITE721,23,2024-12-16-12-39-30/SITE721_ORNT140_VIS7mi.png,7.0,7.0
SITE721,23,2025-02-19-12-18-05/SITE721_ORNT0_VIS3mi.png,3.0,5.0
SITE721,23,2024-12-03-11-18-04/SITE721_ORNT90_VIS5mi.png,5.0,5.0
SITE721,23,2024-06-16-11-08-10/SITE721_ORNT0_VIS3mi.png,3.0,3.0
SITE721,23,2024-11-19-11-24-38/SITE721_ORNT0_VIS4mi.png,4.0,7.0
SITE721,23,2024-07-02-10-19-43/SITE721_ORNT90_VIS1-5mi.png,1.0,3.0
SITE721,23,2025-02-16-12-49-10/SITE721_ORNT0_VIS5mi.png,5.0,10.0
SITE721,23,2025-02-01-12-44-07/SITE721_ORNT90_VIS1-25mi.png,1.0,3.0
SITE721,23,2024-10-13-15-24-41/SITE721_ORNT320_VIS10+mi.png,10.0,5.0
SITE722,36,2025-03-28-10-38-15/SITE722_ORNT115_VIS1-5mi.png,1.0,2.0
SITE722,36,2024-07-18-14-04-18/SITE722_ORNT15_VIS7mi.png,7.0,7.0
SITE722,36,2024-10-13-15-24-41/SITE722_ORNT15_VIS10+mi.png,10.0,7.0
SITE722,36,2024-06-23-11-02-14/SITE722_ORNT115_VIS2-5mi.png,2.0,4.0
SITE722,36,2024-07-30-14-06-06/SITE722_ORNT315_VIS4mi.png,4.0,4.0
SITE722,36,2024-06-22-10-56-07/SITE722_ORNT255_VIS4mi.png,4.0,4.0
SITE722,36,2024-07-29-16-41-43/SITE722_ORNT115_VIS5mi.png,5.0,4.0
SITE722,36,2024-06-16-19-09-40/SITE722_ORNT255_VIS4mi.png,4.0,7.0
SITE722,36,2024-07-30-16-52-29/SITE722_ORNT15_VIS5mi.png,5.0,4.0
SITE722,36,2024-06-15-14-23-40/SITE722_ORNT115_VIS2mi.png,2.0,4.0
SITE722,36,2025-02-02-12-13-03/SITE722_ORNT115_VIS3mi.png,3.0,5.0
SITE722,36,2025-03-15-15-41-34/SITE722_ORNT255_VIS7mi.png,7.0,5.0
SITE722,36,2025-01-26-13-23-03/SITE722_ORNT315_VIS5mi.png,5.0,5.0
SITE725,16,2025-02-16-12-49-10/SITE725_ORNT295_VIS3mi.png,3.0,8.0
SITE725,16,2025-01-15-12-14-16/SITE725_ORNT75_VIS10+mi.png,10.0,10.0
SITE725,16,2024-06-06-10-38-22/SITE725_ORNT0_VIS2mi.png,2.0,9.0
SITE725,16,2025-02-04-15-47-48/SITE725_ORNT75_VIS6mi.png,6.0,5.0
SITE725,16,2025-03-17-19-09-03/SITE725_ORNT295_VIS4mi.png,4.0,5.0
SITE725,16,2024-06-17-19-22-23/SITE725_ORNT295_VIS5mi.png,5.0,5.0
SITE725,16,2025-03-18-13-52-55/SITE725_ORNT75_VIS8mi.png,8.0,5.0
SITE73,43,2025-04-27-17-08-08/SITE73_ORNT335_VIS10+mi.png,10.0,10.0
SITE73,43,2025-03-17-19-09-03/SITE73_ORNT110_VIS5mi.png,5.0,8.0
SITE73,43,2024-07-28-13-48-26/SITE73_ORNT335_VIS1-25mi.png,1.0,8.0
SITE73,43,2025-03-03-11-33-30/SITE73_ORNT65_VIS1-5mi.png,1.0,1.0
SITE73,43,2024-10-14-13-08-27/SITE73_ORNT335_VIS8mi.png,8.0,8.0
SITE73,43,2024-07-30-16-52-29/SITE73_ORNT65_VIS7mi.png,7.0,3.0
SITE73,43,2024-10-06-12-31-10/SITE73_ORNT335_VIS7mi.png,7.0,8.0
SITE73,43,2024-07-26-10-22-16/SITE73_ORNT335_VIS3mi.png,3.0,8.0
SITE73,43,2024-09-15-16-06-51/SITE73_ORNT65_VIS3mi.png,3.0,1.0
SITE73,43,2025-01-26-15-53-06/SITE73_ORNT110_VIS10+mi.png,10.0,10.0
SITE73,43,2024-07-18-14-04-18/SITE73_ORNT335_VIS2mi.png,2.0,3.0
SITE73,43,2024-09-19-16-37-08/SITE73_ORNT110_VIS6mi.png,6.0,10.0
SITE73,43,2024-09-21-11-24-11/SITE73_ORNT65_VIS1-75mi.png,1.0,1.0
SITE73,43,2025-03-03-11-33-30/SITE73_ORNT110_VIS1-5mi.png,1.0,3.0
SITE73,43,2024-07-18-11-32-15/SITE73_ORNT65_VIS2-5mi.png,2.0,1.0
SITE73,43,2024-08-31-14-30-34/SITE73_ORNT110_VIS8mi.png,8.0,8.0
SITE734,29,2024-07-28-11-17-19/SITE734_ORNT160_VIS8mi.png,8.0,8.0
SITE734,29,2024-06-27-10-23-10/SITE734_ORNT75_VIS8mi.png,8.0,8.0
SITE734,29,2025-01-26-15-53-06/SITE734_ORNT225_VIS7mi.png,7.0,8.0
SITE734,29,2024-12-09-12-13-38/SITE734_ORNT225_VIS10+mi.png,10.0,10.0
SITE734,29,2024-12-16-12-39-30/SITE734_ORNT225_VIS10+mi.png,10.0,8.0
SITE734,29,2024-06-29-15-18-41/SITE734_ORNT75_VIS5mi.png,5.0,8.0
SITE734,29,2024-04-30-13-21-52/SITE734_ORNT75_VIS8mi.png,8.0,10.0
SITE734,29,2024-08-19-19-34-52/SITE734_ORNT160_VIS6mi.png,6.0,8.0
SITE734,29,2025-03-05-12-08-53/SITE734_ORNT345_VIS2-5mi.png,2.0,8.0
SITE734,29,2025-02-01-12-44-07/SITE734_ORNT160_VIS5mi.png,5.0,5.0
SITE735,37,2025-03-05-12-08-53/SITE735_ORNT0_VIS5mi.png,5.0,2.0
SITE735,37,2025-03-31-13-29-12/SITE735_ORNT75_VIS1mi.png,1.0,2.0
SITE735,37,2024-07-30-14-06-06/SITE735_ORNT265_VIS8mi.png,8.0,8.0
SITE735,37,2024-07-23-10-10-08/SITE735_ORNT265_VIS6mi.png,6.0,8.0
SITE735,37,2024-10-14-13-08-27/SITE735_ORNT0_VIS4mi.png,4.0,2.0
SITE735,37,2025-03-05-12-08-53/SITE735_ORNT75_VIS5mi.png,5.0,5.0
SITE735,37,2025-03-15-15-41-34/SITE735_ORNT0_VIS7mi.png,7.0,7.0
SITE735,37,2025-01-31-13-49-43/SITE735_ORNT0_VIS10+mi.png,10.0,10.0
SITE735,37,2024-10-07-14-17-08/SITE735_ORNT170_VIS2-5mi.png,2.0,2.0
SITE735,37,2024-12-10-14-08-09/SITE735_ORNT265_VIS1-5mi.png,1.0,1.0
SITE735,37,2024-05-08-14-34-39/SITE735_ORNT75_VIS2mi.png,2.0,2.0
SITE735,37,2024-08-15-16-44-48/SITE735_ORNT0_VIS8mi.png,8.0,8.0
SITE735,37,2024-05-08-14-34-39/SITE735_ORNT170_VIS2mi.png,2.0,2.0
SITE739,21,2025-02-17-14-46-26/SITE739_ORNT135_VIS3mi.png,3.0,2.0
SITE739,21,2024-07-22-11-13-59/SITE739_ORNT245_VIS8mi.png,8.0,5.0
SITE739,21,2025-01-29-12-01-12/SITE739_ORNT50_VIS2mi.png,2.0,1.0
SITE739,21,2024-11-19-11-24-38/SITE739_ORNT245_VIS10+mi.png,10.0,10.0
SITE739,21,2024-07-23-13-08-12/SITE739_ORNT50_VIS5mi.png,5.0,5.0
SITE739,21,2025-02-16-12-49-10/SITE739_ORNT50_VIS2-5mi.png,2.0,1.0
SITE739,21,2024-12-03-11-18-04/SITE739_ORNT245_VIS7mi.png,7.0,6.0
SITE739,21,2024-07-22-20-17-56/SITE739_ORNT340_VIS6mi.png,6.0,8.0
SITE739,21,2025-03-02-11-48-27/SITE739_ORNT245_VIS10+mi.png,10.0,10.0
SITE739,21,2024-07-23-10-10-08/SITE739_ORNT135_VIS6mi.png,6.0,7.0
SITE747,86,2025-02-12-14-37-35/SITE747_ORNT0_VIS5mi.png,5.0,6.0
SITE747,86,2025-03-26-12-24-08/SITE747_ORNT60_VIS3mi.png,3.0,5.0
SITE747,86,2024-07-07-11-04-33/SITE747_ORNT255_VIS1-25mi.png,1.0,3.0
SITE747,86,2024-08-02-10-36-13/SITE747_ORNT315_VIS8mi.png,8.0,7.0
SITE747,86,2024-06-17-10-37-40/SITE747_ORNT0_VIS7mi.png,7.0,7.0
SITE747,86,2024-10-10-15-17-15/SITE747_ORNT60_VIS7mi.png,7.0,7.0
SITE747,86,2024-07-02-10-19-43/SITE747_ORNT315_VIS2-5mi.png,2.0,1.0
SITE747,86,2024-06-15-10-59-58/SITE747_ORNT255_VIS7mi.png,7.0,7.0
SITE747,86,2024-07-27-10-27-08/SITE747_ORNT255_VIS4mi.png,4.0,7.0
SITE747,86,2024-10-06-12-31-10/SITE747_ORNT0_VIS1-5mi.png,1.0,1.0
SITE747,86,2024-07-14-10-21-23/SITE747_ORNT255_VIS3mi.png,3.0,2.0
SITE747,86,2025-03-26-14-35-40/SITE747_ORNT255_VIS6mi.png,6.0,8.0
SITE747,86,2024-10-13-12-27-42/SITE747_ORNT255_VIS6mi.png,6.0,3.0
SITE747,86,2024-06-06-10-38-22/SITE747_ORNT315_VIS2mi.png,2.0,1.0
SITE747,86,2024-12-03-11-18-04/SITE747_ORNT315_VIS1mi.png,1.0,2.0
SITE747,86,2024-07-30-14-06-06/SITE747_ORNT255_VIS9mi.png,9.0,6.0
SITE747,86,2024-10-10-15-17-15/SITE747_ORNT255_VIS7mi.png,7.0,7.0
SITE747,86,2024-12-23-15-38-40/SITE747_ORNT315_VIS6mi.png,6.0,6.0
SITE747,86,2024-08-11-13-07-09/SITE747_ORNT315_VIS6mi.png,6.0,7.0
SITE747,86,2024-08-10-09-44-28/SITE747_ORNT0_VIS6mi.png,6.0,6.0
SITE747,86,2024-10-07-14-17-08/SITE747_ORNT315_VIS4mi.png,4.0,7.0
SITE747,86,2025-04-10-17-56-44/SITE747_ORNT255_VIS10+mi.png,10.0,10.0
SITE747,86,2024-05-30-17-47-26/SITE747_ORNT60_VIS8mi.png,8.0,9.0
SITE747,86,2024-05-30-17-47-26/SITE747_ORNT255_VIS8mi.png,8.0,3.0
SITE747,86,2024-07-18-11-32-15/SITE747_ORNT255_VIS8mi.png,8.0,2.0
SITE747,86,2024-06-09-10-51-06/SITE747_ORNT0_VIS7mi.png,7.0,6.0
SITE747,86,2025-03-05-12-08-53/SITE747_ORNT60_VIS3mi.png,3.0,3.0
SITE75,31,2025-02-10-14-47-56/SITE75_ORNT270_VIS4mi.png,4.0,7.0
SITE75,31,2025-04-07-16-10-10/SITE75_ORNT170_VIS1mi.png,1.0,1.0
SITE75,31,2025-02-11-14-30-47/SITE75_ORNT270_VIS7mi.png,7.0,7.0
SITE75,31,2024-08-11-09-28-59/SITE75_ORNT170_VIS8mi.png,8.0,9.0
SITE75,31,2025-04-10-17-56-44/SITE75_ORNT15_VIS10+mi.png,10.0,10.0
SITE75,31,2024-05-07-15-42-07/SITE75_ORNT75_VIS2-5mi.png,2.0,4.0
SITE75,31,2024-04-30-13-21-52/SITE75_ORNT270_VIS4mi.png,4.0,4.0
SITE75,31,4-9-24-5-23-PM/SITE75_ORNT75_VIS6mi.png,6.0,9.0
SITE75,31,2025-02-10-14-47-56/SITE75_ORNT15_VIS4mi.png,4.0,7.0
SITE75,31,2025-02-04-15-47-48/SITE75_ORNT170_VIS5mi.png,5.0,10.0
SITE75,31,2025-04-07-16-10-10/SITE75_ORNT75_VIS1mi.png,1.0,1.0
SITE76,17,2024-12-29-16-00-12/SITE76_ORNT60_VIS10+mi.png,10.0,10.0
SITE76,17,2024-07-04-10-22-12/SITE76_ORNT205_VIS1-75mi.png,1.0,1.0
SITE76,17,2025-01-28-16-10-28/SITE76_ORNT250_VIS7mi.png,7.0,1.0
SITE76,17,2024-09-22-16-46-10/SITE76_ORNT60_VIS8mi.png,8.0,6.0
SITE76,17,2024-09-20-16-20-08/SITE76_ORNT250_VIS1-5mi.png,1.0,1.0
SITE76,17,2025-02-17-14-46-26/SITE76_ORNT60_VIS9mi.png,9.0,6.0
SITE76,17,2025-03-26-14-35-40/SITE76_ORNT147_VIS3mi.png,3.0,8.0
SITE760,105,2025-04-01-16-59-16/SITE760_ORNT255_VIS7mi.png,7.0,7.0
SITE760,105,2025-02-04-15-47-48/SITE760_ORNT310_VIS7mi.png,7.0,7.0
SITE760,105,2025-03-06-15-10-58/SITE760_ORNT140_VIS7mi.png,7.0,7.0
SITE760,105,2025-02-11-14-30-47/SITE760_ORNT190_VIS7mi.png,7.0,7.0
SITE760,105,2025-04-14-19-44-02/SITE760_ORNT255_VIS7mi.png,7.0,7.0
SITE760,105,2024-07-23-16-31-18/SITE760_ORNT310_VIS6mi.png,6.0,7.0
SITE760,105,2024-09-19-14-23-02/SITE760_ORNT140_VIS7mi.png,7.0,7.0
SITE760,105,2024-06-14-11-11-00/SITE760_ORNT140_VIS7mi.png,7.0,7.0
SITE760,105,2025-03-31-15-41-11/SITE760_ORNT255_VIS7mi.png,7.0,7.0
SITE760,105,2024-08-30-17-21-54/SITE760_ORNT140_VIS2-5mi.png,2.0,7.0
SITE760,105,2025-04-13-19-09-12/SITE760_ORNT140_VIS1-25mi.png,1.0,7.0
SITE760,105,2025-01-15-12-14-16/SITE760_ORNT310_VIS7mi.png,7.0,7.0
SITE760,105,2024-06-03-13-44-33/SITE760_ORNT255_VIS7mi.png,7.0,7.0
SITE760,105,2024-06-07-15-28-05/SITE760_ORNT140_VIS7mi.png,7.0,7.0
SITE760,105,2024-06-10-18-34-10/SITE760_ORNT255_VIS7mi.png,7.0,7.0
SITE760,105,2024-06-06-17-01-51/SITE760_ORNT190_VIS7mi.png,7.0,7.0
SITE760,105,2024-05-08-14-34-39/SITE760_ORNT190_VIS7mi.png,7.0,7.0
SITE760,105,2024-10-07-14-17-08/SITE760_ORNT310_VIS7mi.png,7.0,7.0
SITE760,105,2025-03-29-15-28-57/SITE760_ORNT140_VIS10+mi.png,10.0,7.0
SITE760,105,2024-07-20-15-11-13/SITE760_ORNT190_VIS7mi.png,7.0,7.0
SITE760,105,2024-04-30-13-21-52/SITE760_ORNT310_VIS7mi.png,7.0,7.0
SITE760,105,2025-02-10-14-47-56/SITE760_ORNT255_VIS7mi.png,7.0,7.0
SITE760,105,2024-07-02-16-22-41/SITE760_ORNT190_VIS7mi.png,7.0,7.0
SITE760,105,2024-09-19-16-37-08/SITE760_ORNT310_VIS7mi.png,7.0,7.0
SITE760,105,2024-06-28-13-30-05/SITE760_ORNT190_VIS7mi.png,7.0,7.0
SITE760,105,2024-05-14-16-18-20/SITE760_ORNT190_VIS7mi.png,7.0,7.0
SITE760,105,2025-04-22-15-39-35/SITE760_ORNT140_VIS7mi.png,7.0,7.0
SITE760,105,2024-10-07-14-17-08/SITE760_ORNT255_VIS7mi.png,7.0,7.0
SITE760,105,2025-01-23-15-05-27/SITE760_ORNT310_VIS7mi.png,7.0,7.0
SITE78,20,2025-04-10-17-56-44/SITE78_ORNT322_VIS2-5mi.png,2.0,2.0
SITE78,20,2025-03-04-14-20-15/SITE78_ORNT84_VIS8mi.png,8.0,10.0
SITE78,20,2025-04-10-17-56-44/SITE78_ORNT189_VIS2-5mi.png,2.0,2.0
SITE78,20,2025-02-04-15-47-48/SITE78_ORNT268_VIS10+mi.png,10.0,8.0
SITE78,20,2024-08-11-13-07-09/SITE78_ORNT268_VIS2mi.png,2.0,2.0
SITE78,20,2024-07-18-11-32-15/SITE78_ORNT322_VIS1-25mi.png,1.0,2.0
SITE78,20,2024-07-18-14-04-18/SITE78_ORNT322_VIS7mi.png,7.0,7.0
SITE78,20,2025-01-26-15-53-06/SITE78_ORNT268_VIS5mi.png,5.0,2.0
SITE78,20,2024-12-10-14-08-09/SITE78_ORNT322_VIS10+mi.png,10.0,10.0
SITE78,20,2024-08-11-09-28-59/SITE78_ORNT322_VIS6mi.png,6.0,2.0
SITE786,22,2025-02-10-14-47-56/SITE786_ORNT130_VIS3mi.png,3.0,2.0
SITE786,22,2025-03-26-14-35-40/SITE786_ORNT255_VIS10+mi.png,10.0,10.0
SITE786,22,2025-02-04-15-47-48/SITE786_ORNT255_VIS7mi.png,7.0,2.0
SITE786,22,2025-04-16-13-54-24/SITE786_ORNT40_VIS2-5mi.png,2.0,2.0
SITE786,22,2025-02-10-14-47-56/SITE786_ORNT40_VIS3mi.png,3.0,2.0
SITE786,22,2025-02-02-12-13-03/SITE786_ORNT255_VIS1mi.png,1.0,2.0
SITE786,22,2025-03-18-13-52-55/SITE786_ORNT315_VIS2mi.png,2.0,2.0
SITE786,22,2025-01-22-12-38-15/SITE786_ORNT40_VIS1-25mi.png,1.0,2.0
SITE786,22,2025-01-15-12-14-16/SITE786_ORNT315_VIS10+mi.png,10.0,10.0
SITE8,31,2024-07-20-11-08-20/SITE8_ORNT123_VIS5mi.png,5.0,7.0
SITE8,31,2024-07-14-10-21-23/SITE8_ORNT278_VIS3mi.png,3.0,4.0
SITE8,31,2024-10-07-14-17-08/SITE8_ORNT123_VIS7mi.png,7.0,4.0
SITE8,31,2024-06-06-10-38-22/SITE8_ORNT278_VIS8mi.png,8.0,8.0
SITE8,31,2024-05-23-15-19-49/SITE8_ORNT220_VIS8mi.png,8.0,4.0
SITE8,31,2024-07-23-10-10-08/SITE8_ORNT220_VIS4mi.png,4.0,4.0
SITE8,31,2024-05-09-16-15-37/SITE8_ORNT278_VIS6mi.png,6.0,7.0
SITE8,31,2025-04-22-15-39-35/SITE8_ORNT278_VIS7mi.png,7.0,8.0
SITE8,31,2024-08-31-14-30-34/SITE8_ORNT220_VIS5mi.png,5.0,4.0
SITE8,31,2024-09-15-16-06-51/SITE8_ORNT278_VIS6mi.png,6.0,4.0
SITE8,31,2024-07-23-13-08-12/SITE8_ORNT220_VIS4mi.png,4.0,4.0
SITE80,19,2025-03-31-13-29-12/SITE80_ORNT274_VIS10+mi.png,10.0,10.0
SITE80,19,2024-12-09-12-13-38/SITE80_ORNT274_VIS4mi.png,4.0,4.0
SITE80,19,2025-01-15-12-14-16/SITE80_ORNT192_VIS10+mi.png,10.0,10.0
SITE80,19,2024-10-13-15-24-41/SITE80_ORNT83_VIS10+mi.png,10.0,10.0
SITE80,19,2024-08-12-20-17-35/SITE80_ORNT83_VIS7mi.png,7.0,10.0
SITE80,19,2025-01-26-13-23-03/SITE80_ORNT0_VIS2-5mi.png,2.0,2.0
SITE801,18,2025-02-16-12-49-10/SITE801_ORNT155_VIS4mi.png,4.0,1.0
SITE801,18,2025-02-01-17-30-02/SITE801_ORNT155_VIS5mi.png,5.0,7.0
SITE801,18,2025-02-02-12-13-03/SITE801_ORNT350_VIS2mi.png,2.0,1.0
SITE801,18,2025-04-16-13-54-24/SITE801_ORNT40_VIS1-5mi.png,1.0,1.0
SITE801,18,2025-01-22-12-38-15/SITE801_ORNT255_VIS2mi.png,2.0,1.0
SITE801,18,2024-12-03-11-18-04/SITE801_ORNT350_VIS10+mi.png,10.0,10.0
SITE801,18,2025-02-04-15-47-48/SITE801_ORNT155_VIS1mi.png,1.0,1.0
SITE802,22,2025-03-01-18-07-41/SITE802_ORNT150_VIS10+mi.png,10.0,10.0
SITE802,22,2025-04-10-17-56-44/SITE802_ORNT235_VIS10+mi.png,10.0,10.0
SITE802,22,2025-03-05-12-08-53/SITE802_ORNT150_VIS10+mi.png,10.0,10.0
SITE802,22,2025-01-22-12-38-15/SITE802_ORNT315_VIS7mi.png,7.0,9.0
SITE802,22,2025-03-04-14-20-15/SITE802_ORNT45_VIS9mi.png,9.0,10.0
SITE802,22,2025-04-01-16-59-16/SITE802_ORNT45_VIS2mi.png,2.0,4.0
SITE802,22,2025-02-04-15-47-48/SITE802_ORNT315_VIS8mi.png,8.0,10.0
SITE802,22,2025-02-15-15-20-00/SITE802_ORNT315_VIS3mi.png,3.0,8.0
SITE81,22,2025-02-14-15-24-27/SITE81_ORNT326_VIS7mi.png,7.0,3.0
SITE81,22,2024-07-14-16-38-50/SITE81_ORNT9_VIS1mi.png,1.0,3.0
SITE81,22,2024-08-11-13-07-09/SITE81_ORNT326_VIS3mi.png,3.0,3.0
SITE81,22,2025-04-10-17-56-44/SITE81_ORNT326_VIS5mi.png,5.0,3.0
SITE81,22,2024-08-31-14-30-34/SITE81_ORNT326_VIS25mi.png,10.0,7.0
SITE81,22,2024-08-11-13-07-09/SITE81_ORNT134_VIS3mi.png,3.0,3.0
SITE81,22,2024-09-08-16-00-24/SITE81_ORNT326_VIS3mi.png,3.0,3.0
SITE81,22,2024-07-14-16-38-50/SITE81_ORNT326_VIS1mi.png,1.0,3.0
SITE81,22,2024-08-15-16-44-48/SITE81_ORNT134_VIS7mi.png,7.0,3.0
SITE821,20,2025-02-02-12-13-03/SITE821_ORNT325_VIS1-5mi.png,1.0,1.0
SITE821,20,2025-04-11-14-52-32/SITE821_ORNT325_VIS8mi.png,8.0,8.0
SITE821,20,2025-02-05-13-59-56/SITE821_ORNT135_VIS8mi.png,8.0,1.0
SITE821,20,2024-12-10-14-08-09/SITE821_ORNT225_VIS4mi.png,4.0,4.0
SITE821,20,2025-02-19-12-18-05/SITE821_ORNT225_VIS1-75mi.png,1.0,10.0
SITE821,20,2025-01-22-12-38-15/SITE821_ORNT225_VIS1mi.png,1.0,5.0
SITE821,20,2024-12-17-16-15-56/SITE821_ORNT50_VIS5mi.png,5.0,1.0
SITE821,20,2025-01-26-15-53-06/SITE821_ORNT50_VIS10+mi.png,10.0,10.0
SITE821,20,2025-02-14-15-24-27/SITE821_ORNT50_VIS6mi.png,6.0,9.0
SITE831,26,2025-01-15-15-33-17/SITE831_ORNT0_VIS2mi.png,2.0,1.0
SITE831,26,2025-02-02-12-13-03/SITE831_ORNT180_VIS1mi.png,1.0,1.0
SITE831,26,2025-02-15-15-20-00/SITE831_ORNT260_VIS6mi.png,6.0,4.0
SITE831,26,2024-12-29-16-00-12/SITE831_ORNT125_VIS4mi.png,4.0,4.0
SITE831,26,2025-02-11-14-30-47/SITE831_ORNT180_VIS10+mi.png,10.0,10.0
SITE831,26,2024-12-17-16-15-56/SITE831_ORNT0_VIS7mi.png,7.0,7.0
SITE831,26,2025-02-01-17-30-02/SITE831_ORNT125_VIS8mi.png,8.0,10.0
SITE831,26,2025-01-17-15-10-02/SITE831_ORNT125_VIS6mi.png,6.0,10.0
SITE831,26,2025-04-11-14-52-32/SITE831_ORNT260_VIS10+mi.png,10.0,10.0
SITE84,40,2024-05-30-17-47-26/SITE84_ORNT336_VIS4mi.png,4.0,4.0
SITE84,40,2025-03-26-14-35-40/SITE84_ORNT336_VIS7mi.png,7.0,10.0
SITE84,40,2024-05-31-15-13-16/SITE84_ORNT43_VIS4mi.png,4.0,4.0
SITE84,40,2024-06-09-10-51-06/SITE84_ORNT336_VIS6mi.png,6.0,4.0
SITE84,40,2024-06-30-10-21-08/SITE84_ORNT147_VIS1-75mi.png,1.0,1.0
SITE84,40,2024-07-28-11-17-19/SITE84_ORNT43_VIS1mi.png,1.0,1.0
SITE84,40,2024-07-05-10-36-13/SITE84_ORNT147_VIS5mi.png,5.0,2.0
SITE84,40,2024-06-27-10-23-10/SITE84_ORNT43_VIS2-5mi.png,2.0,2.0
SITE84,40,2025-03-17-19-09-03/SITE84_ORNT336_VIS1-5mi.png,1.0,1.0
SITE84,40,2024-05-31-15-13-16/SITE84_ORNT336_VIS4mi.png,4.0,4.0
SITE84,40,2025-02-17-14-46-26/SITE84_ORNT43_VIS2mi.png,2.0,1.0
SITE84,40,2025-03-23-13-51-54/SITE84_ORNT147_VIS3mi.png,3.0,1.0
SITE84,40,2024-06-20-11-19-17/SITE84_ORNT147_VIS3mi.png,3.0,1.0
SITE84,40,2025-03-04-14-20-15/SITE84_ORNT43_VIS1-25mi.png,1.0,1.0
SITE844,15,2025-02-01-12-44-07/SITE844_ORNT200_VIS5mi.png,5.0,4.0
SITE844,15,2025-02-14-15-24-27/SITE844_ORNT95_VIS4mi.png,4.0,4.0
SITE844,15,2025-02-02-12-13-03/SITE844_ORNT200_VIS1-5mi.png,1.0,4.0
SITE844,15,2025-01-17-15-10-02/SITE844_ORNT95_VIS3mi.png,3.0,4.0
SITE844,15,2025-03-04-14-20-15/SITE844_ORNT250_VIS10+mi.png,10.0,10.0
SITE844,15,2025-02-14-15-24-27/SITE844_ORNT200_VIS4mi.png,4.0,4.0
SITE852,35,2025-04-13-19-09-12/SITE852_ORNT225_VIS6mi.png,6.0,6.0
SITE852,35,2025-04-21-20-12-41/SITE852_ORNT225_VIS4mi.png,4.0,2.0
SITE852,35,2024-12-17-16-15-56/SITE852_ORNT225_VIS6mi.png,6.0,4.0
SITE852,35,2025-01-17-15-10-02/SITE852_ORNT225_VIS2mi.png,2.0,7.0
SITE852,35,2025-01-31-13-49-43/SITE852_ORNT225_VIS2mi.png,2.0,6.0
SITE852,35,2025-03-02-13-12-40/SITE852_ORNT315_VIS10+mi.png,10.0,10.0
SITE852,35,2025-02-04-15-47-48/SITE852_ORNT315_VIS7mi.png,7.0,2.0
SITE852,35,2025-04-01-16-59-16/SITE852_ORNT135_VIS4mi.png,4.0,2.0
SITE852,35,2025-02-01-17-30-02/SITE852_ORNT45_VIS8mi.png,8.0,10.0
SITE852,35,2025-04-10-17-56-44/SITE852_ORNT315_VIS10+mi.png,10.0,10.0
SITE852,35,2025-03-28-10-38-15/SITE852_ORNT225_VIS3mi.png,3.0,4.0
SITE852,35,2025-02-15-15-20-00/SITE852_ORNT315_VIS5mi.png,5.0,8.0
SITE852,35,2025-02-12-14-37-35/SITE852_ORNT225_VIS8mi.png,8.0,8.0
SITE86,23,2025-03-23-13-51-54/SITE86_ORNT239_VIS8mi.png,8.0,3.0
SITE86,23,2024-05-08-14-34-39/SITE86_ORNT75_VIS4mi.png,4.0,4.0
SITE86,23,2024-07-05-10-36-13/SITE86_ORNT75_VIS3mi.png,3.0,4.0
SITE86,23,2025-02-15-15-20-00/SITE86_ORNT12_VIS6mi.png,6.0,3.0
SITE86,23,2025-01-31-13-49-43/SITE86_ORNT239_VIS1-75mi.png,1.0,1.0
SITE86,23,2025-04-02-15-05-32/SITE86_ORNT239_VIS3mi.png,3.0,1.0
SITE86,23,2025-03-01-18-07-41/SITE86_ORNT75_VIS2-5mi.png,2.0,1.0
SITE86,23,2024-07-05-14-33-31/SITE86_ORNT75_VIS5mi.png,5.0,5.0
SITE86,23,2024-05-08-14-34-39/SITE86_ORNT321_VIS4mi.png,4.0,5.0
SITE86,23,2025-01-23-15-05-27/SITE86_ORNT75_VIS10+mi.png,10.0,4.0
SITE94,51,2025-04-13-19-09-12/SITE94_ORNT80_VIS4mi.png,4.0,4.0
SITE94,51,2024-08-31-14-30-34/SITE94_ORNT80_VIS1-75mi.png,1.0,4.0
SITE94,51,2025-04-07-16-10-10/SITE94_ORNT10_VIS8mi.png,8.0,4.0
SITE94,51,4-9-24-5-23-PM/SITE94_ORNT10_VIS1mi.png,1.0,4.0
SITE94,51,2025-04-22-15-39-35/SITE94_ORNT10_VIS5mi.png,5.0,2.0
SITE94,51,2025-04-22-15-39-35/SITE94_ORNT180_VIS5mi.png,5.0,9.0
SITE94,51,2024-06-10-14-33-22/SITE94_ORNT10_VIS1mi.png,1.0,1.0
SITE94,51,2024-07-02-16-22-41/SITE94_ORNT280_VIS3mi.png,3.0,1.0
SITE94,51,2024-05-27-19-19-47/SITE94_ORNT80_VIS9mi.png,9.0,4.0
SITE94,51,2024-06-10-18-34-10/SITE94_ORNT80_VIS1-25mi.png,1.0,1.0
SITE94,51,2024-07-05-14-33-31/SITE94_ORNT10_VIS1-75mi.png,1.0,1.0
SITE94,51,2024-05-30-17-47-26/SITE94_ORNT180_VIS2-5mi.png,2.0,7.0
SITE94,51,2024-05-30-17-47-26/SITE94_ORNT10_VIS2-5mi.png,2.0,1.0
SITE94,51,2025-03-15-15-41-34/SITE94_ORNT180_VIS4mi.png,4.0,4.0
SITE94,51,2024-05-08-14-34-39/SITE94_ORNT180_VIS7mi.png,7.0,4.0
SITE94,51,2024-09-19-14-23-02/SITE94_ORNT80_VIS7mi.png,7.0,4.0
SITE94,51,2024-09-02-17-43-28/SITE94_ORNT80_VIS3mi.png,3.0,1.0
SITE97,18,2025-03-03-11-33-30/SITE97_ORNT46_VIS10+mi.png,10.0,10.0
SITE97,18,2025-04-01-16-59-16/SITE97_ORNT46_VIS1-25mi.png,1.0,1.0
SITE97,18,2024-10-13-12-27-42/SITE97_ORNT46_VIS10+mi.png,10.0,10.0
SITE97,18,2025-02-27-11-22-46/SITE97_ORNT247_VIS10+mi.png,10.0,10.0
SITE97,18,2025-02-12-14-37-35/SITE97_ORNT200_VIS3mi.png,3.0,3.0
SITE97,18,2024-05-14-16-18-20/SITE97_ORNT98_VIS1-5mi.png,1.0,1.0
SITE98,49,2024-09-27-16-12-40/SITE98_ORNT135_VIS5mi.png,5.0,8.0
SITE98,49,2024-07-22-20-17-56/SITE98_ORNT80_VIS2-5mi.png,2.0,2.0
SITE98,49,2024-07-23-13-08-12/SITE98_ORNT25_VIS8mi.png,8.0,8.0
SITE98,49,2024-08-30-17-21-54/SITE98_ORNT80_VIS1mi.png,1.0,2.0
SITE98,49,2024-06-17-10-37-40/SITE98_ORNT80_VIS6mi.png,6.0,4.0
SITE98,49,2024-12-24-15-14-57/SITE98_ORNT80_VIS6mi.png,6.0,2.0
SITE98,49,2024-05-03-12-14-06/SITE98_ORNT80_VIS1-75mi.png,1.0,2.0
SITE98,49,2025-04-22-15-39-35/SITE98_ORNT135_VIS10+mi.png,10.0,10.0
SITE98,49,2024-06-07-15-28-05/SITE98_ORNT245_VIS8mi.png,8.0,4.0
SITE98,49,2025-01-23-15-05-27/SITE98_ORNT135_VIS2mi.png,2.0,4.0
SITE98,49,2024-07-22-11-13-59/SITE98_ORNT135_VIS2mi.png,2.0,2.0
SITE98,49,2025-01-28-16-10-28/SITE98_ORNT245_VIS3mi.png,3.0,8.0
SITE98,49,2025-01-28-16-10-28/SITE98_ORNT25_VIS3mi.png,3.0,10.0
SITE98,49,2024-06-27-10-23-10/SITE98_ORNT135_VIS5mi.png,5.0,5.0
SITE98,49,2024-06-01-11-15-19/SITE98_ORNT135_VIS7mi.png,7.0,4.0
SITE98,49,2025-03-02-13-12-40/SITE98_ORNT25_VIS7mi.png,7.0,7.0
SITE98,49,2024-12-10-14-08-09/SITE98_ORNT80_VIS4mi.png,4.0,4.0
SITE98,49,2025-02-11-14-30-47/SITE98_ORNT80_VIS9mi.png,9.0,8.0
SITE98,49,2024-08-29-14-11-27/SITE98_ORNT80_VIS4mi.png,4.0,4.0
